id,grlivarea,yearbuilt,yearremodadd,1stflrsf,2ndflrsf,hasbasement,totalbsmtsf,garage,garagearea,garagecars,kitchenqual,totrmsabvgrd,bedroomabvgr,totalbathrooms,overallqual,numfloors,poolqc,pool,saleprice
1,1710,2003,2003,856,854,1,856,1,548,2,4,8,3,3.5,7,2,0,0,208500
2,1262,1976,1976,1262,0,1,1262,1,460,2,3,6,3,2.5,6,1,0,0,181500
3,1786,2001,2002,920,866,1,920,1,608,2,4,6,3,3.5,7,2,0,0,223500
4,1717,1915,1970,961,756,1,756,1,642,3,4,7,3,2.0,7,2,0,0,140000
5,2198,2000,2000,1145,1053,1,1145,1,836,3,4,9,4,3.5,8,2,0,0,250000
6,1362,1993,1995,796,566,1,796,1,480,2,3,5,1,2.5,5,2,0,0,143000
7,1694,2004,2005,1694,0,1,1686,1,636,2,4,7,3,3.0,8,1,0,0,307000
8,2090,1973,1973,1107,983,1,1107,1,484,2,3,7,3,3.5,7,2,0,0,200000
9,1774,1931,1950,1022,752,1,952,1,468,2,3,8,2,2.0,7,2,0,0,129900
10,1077,1939,1950,1077,0,1,991,1,205,1,3,5,2,2.0,5,1,0,0,118000
11,1040,1965,1965,1040,0,1,1040,1,384,1,3,5,3,2.0,5,1,0,0,129500
12,2324,2005,2006,1182,1142,1,1175,1,736,3,5,11,4,4.0,9,2,0,0,345000
13,912,1962,1962,912,0,1,912,1,352,1,3,4,2,2.0,5,1,0,0,144000
14,1494,2006,2007,1494,0,1,1494,1,840,3,4,7,3,2.0,7,1,0,0,279500
15,1253,1960,1960,1253,0,1,1253,1,352,1,3,5,2,2.5,6,1,0,0,157000
16,854,1929,2001,854,0,1,832,1,576,2,3,5,2,1.0,7,1,0,0,132000
17,1004,1970,1970,1004,0,1,1004,1,480,2,3,5,2,2.0,6,1,0,0,149000
18,1296,1967,1967,1296,0,0,0,1,516,2,3,6,2,2.0,4,1,0,0,90000
19,1114,2004,2004,1114,0,1,1114,1,576,2,4,6,3,2.5,5,1,0,0,159000
20,1339,1958,1965,1339,0,1,1029,1,294,1,3,6,3,1.0,5,1,0,0,139000
21,2376,2005,2006,1158,1218,1,1158,1,853,3,4,9,4,3.5,8,2,0,0,325300
22,1108,1930,1950,1108,0,1,637,1,280,1,4,6,3,1.0,7,1,0,0,139400
23,1795,2002,2002,1795,0,1,1777,1,534,2,4,7,3,2.0,8,1,0,0,230000
24,1060,1976,1976,1060,0,1,1040,1,572,2,3,6,3,2.0,5,1,0,0,129900
25,1060,1968,2001,1060,0,1,1060,1,270,1,4,6,3,2.0,5,1,0,0,154000
26,1600,2007,2007,1600,0,1,1566,1,890,3,4,7,3,2.0,8,1,0,0,256300
27,900,1951,2000,900,0,1,900,1,576,2,4,5,3,1.5,5,1,0,0,134800
28,1704,2007,2008,1704,0,1,1704,1,772,3,4,7,3,3.0,8,1,0,0,306000
29,1600,1957,1997,1600,0,1,1484,1,319,1,3,6,2,2.0,5,1,0,0,207500
30,520,1927,1950,520,0,1,520,1,240,1,2,4,1,1.0,4,1,0,0,68500
31,1317,1920,1950,649,668,1,649,1,250,1,3,6,3,1.0,4,2,0,0,40000
32,1228,1966,2006,1228,0,1,1228,1,271,1,4,6,3,1.5,5,1,0,0,149350
33,1234,2007,2007,1234,0,1,1234,1,484,2,4,7,3,2.0,8,1,0,0,179900
34,1700,1959,1959,1700,0,1,1398,1,447,2,4,6,4,2.0,5,1,0,0,165500
35,1561,2005,2005,1561,0,1,1561,1,556,2,5,6,2,3.0,9,1,0,0,277500
36,2452,2004,2005,1132,1320,1,1117,1,691,3,4,9,4,3.5,8,2,0,0,309000
37,1097,1994,1995,1097,0,1,1097,1,672,2,3,6,3,1.5,5,1,0,0,145000
38,1297,1954,1990,1297,0,1,1297,1,498,2,3,5,3,1.5,5,1,0,0,153000
39,1057,1953,2007,1057,0,1,1057,1,246,1,4,5,3,2.0,5,1,0,0,109000
40,1152,1955,1955,1152,0,0,0,0,0,0,2,6,2,2.0,4,1,0,0,82000
41,1324,1965,1965,1324,0,1,1088,1,440,2,3,6,3,2.0,6,1,0,0,160000
42,1328,1959,1959,1328,0,1,1350,1,308,1,3,5,2,2.0,5,1,0,0,170000
43,884,1983,1983,884,0,1,840,1,504,2,4,5,2,2.0,5,1,0,0,144000
44,938,1975,1980,938,0,1,938,1,308,1,3,5,3,2.0,5,1,0,0,130250
45,1150,1959,1959,1150,0,1,1150,1,300,1,3,6,3,2.0,5,1,0,0,141000
46,1752,2005,2005,1752,0,1,1752,1,576,2,5,6,2,3.0,9,1,0,0,319900
47,2149,2003,2003,1518,631,1,1434,1,670,2,4,6,1,2.5,7,2,0,0,239686
48,1656,2006,2006,1656,0,1,1656,1,826,3,4,7,3,2.0,8,1,0,0,249700
49,1452,1920,2008,736,716,1,736,0,0,0,3,8,2,2.0,4,2,0,0,113000
50,955,1966,1966,955,0,1,955,1,386,1,3,6,3,2.0,5,1,0,0,127000
51,1470,1997,1997,794,676,1,794,1,388,2,3,6,3,2.5,6,2,0,0,177000
52,1176,1934,1950,816,0,1,816,1,528,2,3,6,3,1.0,6,1,0,0,114500
53,816,1963,1963,816,0,1,816,1,516,2,3,5,2,2.0,5,1,0,0,110000
54,1842,1981,1987,1842,0,1,1842,1,894,3,4,5,0,2.5,9,1,0,0,385000
55,1360,1955,1955,1360,0,1,384,1,572,2,3,6,3,1.0,5,1,0,0,130000
56,1425,1964,1964,1425,0,1,1425,1,576,2,3,7,3,2.0,6,1,0,0,180500
57,1739,1999,2000,983,756,1,970,1,480,2,4,7,3,3.5,8,2,0,0,172500
58,1720,2004,2004,860,860,1,860,1,565,2,4,7,3,2.5,7,2,0,0,196500
59,2945,2006,2006,1426,1519,1,1410,1,641,3,4,10,3,3.5,10,2,0,0,438780
60,780,1972,1972,780,0,1,780,1,352,1,3,4,2,1.0,5,1,0,0,124900
61,1158,2004,2004,1158,0,1,1158,1,576,2,4,5,3,2.5,6,1,0,0,158000
62,1111,1920,1996,581,530,1,530,1,288,1,2,6,3,1.0,5,2,0,0,101000
63,1370,2006,2006,1370,0,1,1370,1,484,2,4,6,2,2.0,8,1,0,0,202500
64,1710,1921,1950,902,808,1,576,1,480,2,3,9,3,2.0,7,2,0,0,140000
65,2034,1997,1998,1057,977,1,1057,1,645,2,4,8,3,3.5,7,2,0,0,219500
66,2473,2004,2005,1143,1330,1,1143,1,852,3,4,9,4,2.5,8,2,0,0,317000
67,2207,1970,1989,2207,0,1,1947,1,576,2,3,7,3,3.0,7,1,0,0,180000
68,1479,2003,2003,1479,0,1,1453,1,558,2,4,7,3,3.0,7,1,0,0,226000
69,747,1945,1950,747,0,1,747,1,220,1,3,4,2,1.0,4,1,0,0,80000
70,2287,1953,1953,1304,983,1,1304,1,667,2,3,7,3,2.0,7,2,0,0,225000
71,2223,1973,1973,2223,0,1,2223,1,516,2,3,8,3,3.0,7,1,0,0,244000
72,845,1982,2006,845,0,1,845,1,360,2,3,4,2,2.0,4,1,0,0,129500
73,1718,1998,1998,885,833,1,832,1,427,2,3,7,3,2.5,7,2,0,0,185000
74,1086,1954,2003,1086,0,1,1086,1,490,2,3,6,3,2.0,5,1,0,0,144900
75,1605,1915,1950,840,765,1,840,1,379,1,3,8,3,2.0,3,2,0,0,107400
76,988,1973,1973,526,462,1,462,1,297,1,3,5,2,2.0,4,2,0,0,91000
77,952,1956,1956,952,0,1,952,1,283,1,3,4,2,1.0,4,1,0,0,135750
78,1285,1948,2001,1072,213,1,672,1,240,1,3,6,2,2.0,5,2,0,0,127000
79,1768,1968,1968,1768,0,1,1768,0,0,0,3,8,4,2.0,4,1,0,0,136500
80,1230,1910,1981,682,548,1,440,1,440,2,3,5,2,1.5,5,2,0,0,110000
81,2142,1968,1968,1182,960,1,896,1,509,1,4,8,4,2.5,6,2,0,0,193500
82,1337,1998,1998,1337,0,1,1237,1,405,2,3,5,2,3.0,6,1,0,0,153500
83,1563,2007,2007,1563,0,1,1563,1,758,3,4,6,3,2.0,8,1,0,0,245000
84,1065,1960,1960,1065,0,1,1065,1,461,2,3,6,3,1.5,5,1,0,0,126500
85,1474,1995,1996,804,670,1,384,1,400,2,3,7,3,2.5,7,2,0,0,168500
86,2417,1991,1992,1301,1116,1,1288,1,462,2,4,9,4,2.5,8,2,0,0,260000
87,1560,2005,2005,684,876,1,684,1,400,2,4,6,3,2.5,6,2,0,0,174000
88,1224,2009,2009,612,612,1,612,1,528,2,4,4,2,2.5,6,2,0,0,164500
89,1526,1915,1982,1013,0,1,1013,0,0,0,2,6,2,1.0,3,1,0,0,85000
90,990,1994,1995,990,0,1,990,0,0,0,3,5,3,2.0,4,1,0,0,123600
91,1040,1950,1950,1040,0,0,0,1,420,2,3,4,2,1.0,4,1,0,0,109900
92,1235,1961,1961,1235,0,1,1235,1,480,2,3,6,2,1.0,5,1,0,0,98600
93,964,1921,2006,964,0,1,876,1,432,2,3,5,2,2.0,5,1,0,0,163500
94,2291,1910,1998,1260,1031,1,1214,1,506,2,3,9,4,2.5,6,2,0,0,133900
95,1786,1997,1997,905,881,1,824,1,684,2,4,7,3,3.5,6,2,0,0,204750
96,1470,1993,1993,680,790,1,680,1,420,2,3,6,3,2.5,6,2,0,0,185000
97,1588,1999,1999,1588,0,1,1588,1,472,2,4,6,3,2.0,7,1,0,0,214000
98,960,1965,1965,960,0,1,960,1,432,1,3,6,3,2.0,4,1,0,0,94750
99,835,1920,1950,835,0,1,458,1,366,1,3,5,2,1.0,5,1,0,0,83000
100,1225,1959,1959,1225,0,1,950,0,0,0,3,6,3,2.5,4,1,0,0,128950
101,1610,1977,2001,1610,0,1,1610,1,480,2,4,6,3,3.0,6,1,0,0,205000
102,1732,1985,1985,977,755,1,741,1,476,2,4,7,3,2.5,6,2,0,0,178000
103,1535,1979,1979,1535,0,0,0,1,410,2,3,8,4,2.0,5,1,0,0,118964
104,1226,2009,2009,1226,0,1,1226,1,740,3,4,6,3,2.0,7,1,0,0,198900
105,1818,1931,1950,1226,592,1,1040,1,240,1,3,7,4,1.5,7,2,0,0,169500
106,1992,2003,2004,1053,939,1,1053,1,648,2,4,9,3,2.5,8,2,0,0,250000
107,1047,1885,1995,1047,0,1,641,1,273,1,3,6,2,1.0,4,1,0,0,100000
108,789,1948,1950,789,0,1,789,1,250,1,3,5,2,1.0,5,1,0,0,115000
109,1517,1919,2005,997,520,1,793,0,0,0,2,7,3,2.0,5,2,0,0,115000
110,1844,1977,1977,1844,0,1,1844,1,546,2,3,7,3,2.0,6,1,0,0,190000
111,1855,1954,1972,1216,639,1,994,1,325,1,3,7,4,2.0,6,2,0,0,136900
112,1430,2000,2000,774,656,1,384,1,400,2,3,7,3,2.5,7,2,0,0,180000
113,2696,2007,2007,1282,1414,1,1264,1,792,3,5,10,4,3.5,7,2,0,0,383970
114,2259,1953,1953,2259,0,1,1809,1,450,2,4,7,3,3.0,6,1,0,0,217000
115,2320,1945,2002,1436,884,1,1028,1,180,1,4,9,3,3.5,6,2,0,0,259500
116,1458,1999,1999,729,729,1,729,1,440,2,3,5,2,2.5,6,2,0,0,176000
117,1092,1962,1962,1092,0,1,1092,1,288,1,3,6,3,1.5,5,1,0,0,139000
118,1125,2006,2007,1125,0,1,1125,1,430,2,3,5,2,1.5,5,1,0,0,155000
119,3222,1990,1990,1699,1523,1,1673,1,594,3,4,11,5,4.0,7,2,0,0,320000
120,1456,2005,2006,728,728,1,728,1,390,2,4,8,3,2.5,6,2,0,0,163990
121,988,1969,1969,988,0,1,938,1,540,2,3,4,1,2.0,6,1,0,0,180000
122,1123,1939,1950,772,351,1,732,1,264,1,3,4,3,1.0,4,2,0,0,100000
123,1080,1958,1958,1080,0,1,1080,1,288,1,3,5,3,1.0,6,1,0,0,136000
124,1199,1993,1993,1199,0,1,1199,1,530,2,4,5,2,2.0,6,1,0,0,153900
125,1586,1979,1998,1586,0,1,1362,1,435,2,3,7,3,2.0,6,1,0,0,181000
126,754,1935,1982,520,0,1,520,0,0,0,3,5,2,2.0,6,1,0,0,84500
127,958,1976,1976,958,0,1,1078,1,440,2,3,5,2,2.0,6,1,0,0,128000
128,840,1930,1950,840,0,1,672,0,0,0,3,5,3,1.0,5,1,0,0,87000
129,1348,1966,1966,660,688,1,660,1,453,2,3,6,3,1.5,6,2,0,0,155000
130,1053,1958,1991,1053,0,1,1008,1,750,2,5,6,3,2.0,5,1,0,0,150000
131,2157,1966,1966,1216,941,1,924,1,487,2,4,8,4,2.5,7,2,0,0,226000
132,2054,2000,2000,1022,1032,1,992,1,390,2,4,7,3,3.5,6,2,0,0,244000
133,1327,1959,2002,1327,0,1,1063,1,624,2,4,7,3,2.0,5,1,0,0,150750
134,1296,2001,2002,1296,0,1,1267,1,471,2,4,6,2,3.0,8,1,0,0,220000
135,1721,1968,1993,1721,0,1,1461,1,440,2,3,7,3,2.5,5,1,0,0,180000
136,1682,1970,1970,1682,0,1,1304,1,530,2,3,7,3,2.0,7,1,0,0,174000
137,1214,1967,1967,1214,0,1,1214,1,318,1,3,5,3,2.0,5,1,0,0,143000
138,1959,1988,1989,1959,0,1,1907,1,766,3,3,9,5,3.0,7,1,0,0,171000
139,1852,1999,2000,1004,848,1,1004,1,660,3,4,7,3,2.5,8,2,0,0,230000
140,1764,1997,1997,928,836,1,928,1,470,2,4,7,3,3.5,6,2,0,0,231500
141,864,1971,1971,864,0,1,864,0,0,0,3,5,3,1.0,4,1,0,0,115000
142,1734,2005,2005,1734,0,1,1734,1,660,2,4,7,3,3.0,7,1,0,0,260000
143,1385,1952,1952,910,475,1,910,1,720,2,3,6,4,2.0,5,2,0,0,166000
144,1501,1999,1999,1501,0,1,1490,1,577,2,4,6,3,3.0,7,1,0,0,204000
145,1728,1963,1963,1728,0,1,1728,1,504,2,3,10,6,3.0,5,1,0,0,125000
146,1709,2004,2006,970,739,1,970,1,380,2,4,7,3,2.0,6,2,0,0,130000
147,875,1931,1993,875,0,1,715,1,180,1,3,5,2,2.0,5,1,0,0,105000
148,2035,2001,2001,884,1151,1,884,1,434,2,4,8,3,2.5,7,2,0,0,222500
149,1080,2004,2005,1080,0,1,1080,0,0,0,4,6,3,2.0,7,1,0,0,141000
150,1344,1936,1950,896,448,1,896,1,240,1,3,7,3,1.0,5,2,0,0,115000
151,969,1975,1975,969,0,1,969,1,440,2,3,5,3,1.5,5,1,0,0,122000
152,1710,2007,2008,1710,0,1,1710,1,866,3,4,6,2,3.0,8,1,0,0,372402
153,1993,1971,1971,1097,896,1,825,1,495,2,3,8,4,2.5,6,2,0,0,190000
154,1252,1960,1975,1252,0,1,1602,1,564,2,3,4,1,2.0,6,1,0,0,235000
155,1200,1923,1950,1200,0,1,1200,1,312,1,3,7,4,1.0,6,1,0,0,125000
156,1096,1924,1950,572,524,1,572,0,0,0,3,5,2,1.0,6,2,0,0,79000
157,1040,1950,1950,1040,0,0,0,1,625,2,3,5,2,1.0,5,1,0,0,109500
158,1968,2009,2010,774,1194,1,774,1,680,3,5,8,4,2.5,8,2,0,0,269500
159,1947,2004,2005,991,956,1,991,1,678,2,4,8,3,2.5,7,2,0,0,254900
160,2462,2005,2006,1392,1070,1,1392,1,576,2,4,9,4,3.5,7,2,0,0,320000
161,1232,1984,1984,1232,0,1,1232,1,516,2,3,6,3,2.0,6,1,0,0,162500
162,2668,2003,2004,1572,1096,1,1572,1,726,3,5,10,3,3.5,9,2,0,0,412500
163,1541,2005,2005,1541,0,1,1541,1,532,2,4,7,3,2.0,7,1,0,0,220000
164,882,1956,1956,882,0,1,882,0,0,0,3,4,1,1.0,4,1,0,0,103200
165,1616,1926,2004,1149,467,1,1149,1,216,1,4,5,3,2.0,6,2,0,0,152000
166,1355,1940,1999,808,547,1,644,0,0,0,3,6,4,3.0,5,2,0,0,127500
167,1867,1955,1993,1867,0,1,1617,1,303,1,3,7,2,2.0,5,1,0,0,190000
168,2161,2007,2007,1610,551,1,1582,1,789,3,5,8,3,2.5,8,2,0,0,325624
169,1720,2004,2004,840,880,1,840,1,440,2,4,7,3,2.5,7,2,0,0,183500
170,1707,1981,1981,1707,0,1,1686,1,511,2,3,6,2,2.5,8,1,0,0,228000
171,1382,1941,1950,854,0,1,720,1,660,2,3,7,2,1.5,5,1,0,0,128500
172,1656,1960,1960,1656,0,1,1080,1,528,2,3,7,3,2.0,6,1,0,0,215000
173,1767,1987,1987,1064,703,1,1064,1,504,2,4,5,2,3.0,7,2,0,0,239000
174,1362,1961,1961,1362,0,1,1362,1,504,2,3,6,3,2.5,6,1,0,0,163000
175,1651,1986,1986,1651,0,1,1606,1,616,2,3,7,3,3.0,6,1,0,0,184000
176,2158,1950,2001,2158,0,1,1202,1,576,2,4,7,4,3.0,6,1,0,0,243000
177,2060,1988,1989,1164,896,1,1151,1,521,2,3,8,4,3.0,6,2,0,0,211000
178,1920,1958,1958,1252,668,1,1052,1,451,2,4,8,4,3.0,5,2,0,0,172500
179,2234,2008,2009,2234,0,1,2216,1,1166,3,5,9,1,3.0,9,1,0,0,501837
180,968,1923,2006,968,0,1,968,1,480,2,3,5,2,1.0,5,1,0,0,100000
181,1525,2000,2000,769,756,1,756,1,440,2,4,5,3,2.5,6,2,0,0,177000
182,1802,1920,1950,901,901,1,793,1,216,1,3,9,4,1.5,7,2,0,0,200100
183,1340,1957,2006,1340,0,0,0,1,252,1,3,7,3,1.0,5,1,0,0,120000
184,2082,2003,2003,1362,720,1,1362,1,484,2,4,6,3,2.5,7,2,0,0,200000
185,1252,1908,1991,936,316,1,504,1,576,2,3,5,3,1.0,5,2,0,0,127000
186,3608,1892,1993,1518,1518,1,1107,1,840,3,5,12,4,2.5,10,2,0,0,475000
187,1217,1990,1991,1217,0,1,1188,1,497,2,4,6,3,3.0,7,1,0,0,173000
188,1656,1916,1987,808,704,1,660,1,180,1,3,8,3,2.5,5,2,0,0,135000
189,1224,1979,1979,1224,0,1,1086,1,528,2,3,6,2,3.0,5,1,0,0,153337
190,1593,2001,2002,1593,0,1,1593,1,682,2,5,5,0,2.5,8,1,0,0,286000
191,2727,1932,1994,1549,1178,1,853,1,440,2,4,10,3,2.5,8,2,0,0,315000
192,1479,1972,2004,725,754,1,725,1,484,2,4,7,4,2.5,7,2,0,0,184000
193,1431,1999,1999,1431,0,1,1431,1,666,2,4,6,3,3.0,7,1,0,0,192000
194,1709,2004,2004,970,739,1,970,1,380,2,4,7,3,2.0,7,2,0,0,130000
195,864,1972,1972,864,0,1,864,1,352,1,3,5,3,1.0,5,1,0,0,127000
196,1456,1976,1976,855,601,1,855,1,440,2,3,7,3,2.5,6,2,0,0,148500
197,1726,2007,2007,1726,0,1,1726,1,786,3,5,8,3,3.0,7,1,0,0,311872
198,3112,1918,1990,1360,1360,1,1360,1,795,2,4,8,4,3.5,8,2,4,1,235000
199,2229,1912,1950,929,929,1,755,0,0,0,3,8,5,1.0,6,2,0,0,104000
200,1713,2004,2005,1713,0,1,1713,1,856,3,5,7,3,3.0,8,1,0,0,274900
201,1121,2003,2004,1121,0,1,1121,1,440,2,3,5,2,2.0,4,1,0,0,140000
202,1279,1977,1977,1279,0,1,1196,1,473,2,3,6,3,2.5,6,1,0,0,171500
203,1310,1924,1950,865,445,1,617,1,398,1,3,6,2,2.0,6,2,0,0,112000
204,848,2004,2004,848,0,1,848,1,420,2,4,3,1,2.0,6,1,0,0,149000
205,1284,1947,1950,720,564,1,720,1,240,1,3,5,2,1.5,5,2,0,0,110000
206,1442,1990,1990,1442,0,1,1424,1,500,2,3,5,3,2.0,7,1,0,0,180500
207,1696,1962,1962,1696,0,1,1140,1,349,1,3,8,3,1.5,5,1,0,0,143900
208,1100,1960,1960,1100,0,1,1100,1,312,1,3,6,3,2.0,4,1,0,0,141000
209,2062,1988,1989,1180,882,1,1157,1,454,2,3,7,3,3.5,7,2,0,0,277000
210,1092,1964,1964,1092,0,1,1092,1,504,2,3,6,3,2.0,6,1,0,0,145000
211,864,1925,1950,864,0,1,864,0,0,0,3,5,2,2.0,5,1,0,0,98000
212,1212,2009,2009,1212,0,1,1212,1,460,2,4,6,3,2.0,6,1,0,0,186000
213,1852,2009,2009,932,920,1,900,1,644,2,4,7,3,3.5,7,2,0,0,252678
214,990,1995,1995,990,0,1,990,1,576,2,3,5,3,1.5,5,1,0,0,156000
215,1392,1977,1977,689,703,1,689,1,299,1,3,6,3,1.5,6,2,0,0,161750
216,1236,1957,1996,1236,0,1,1070,1,447,1,4,6,2,1.5,5,1,0,0,134450
217,1436,2004,2004,1436,0,1,1436,1,484,2,4,8,3,3.0,7,1,0,0,210000
218,1328,1925,1950,810,518,1,686,1,210,1,3,8,3,1.0,4,2,0,0,107000
219,1954,1939,2006,1137,817,1,798,1,431,2,4,8,3,2.0,7,2,0,0,311500
220,1248,2005,2006,1248,0,1,1248,1,438,2,4,5,2,2.0,7,1,0,0,167240
221,1498,2006,2006,1498,0,1,1498,1,675,2,4,5,2,2.0,7,1,0,0,204900
222,2267,2002,2002,1010,1257,1,1010,1,390,2,4,8,4,2.5,6,2,0,0,200000
223,1552,1975,1975,811,741,1,713,1,434,2,3,6,3,3.5,6,2,0,0,179900
224,864,1971,1971,864,0,1,864,1,576,2,3,4,2,1.0,4,1,0,0,97000
225,2392,2003,2003,2392,0,1,2392,1,968,3,5,8,3,2.0,10,1,0,0,386250
226,1302,1971,1971,630,672,1,630,1,280,1,3,6,3,2.5,5,2,0,0,112000
227,2520,1995,1995,1214,1306,1,1203,1,721,3,4,9,4,2.5,7,2,0,0,290000
228,987,1970,1970,483,504,1,483,1,280,1,3,5,2,1.5,6,2,0,0,106000
229,912,1967,1967,912,0,1,912,1,336,1,3,5,3,1.0,5,1,0,0,125000
230,1555,2005,2006,1555,0,1,1373,1,430,2,4,7,2,2.0,7,1,0,0,192500
231,1194,1959,1959,1194,0,1,1194,1,312,1,3,6,3,2.0,6,1,0,0,148000
232,2794,1995,1996,1490,1304,1,1462,1,810,3,5,9,4,3.5,8,2,0,0,403000
233,987,1972,1972,483,504,1,483,1,288,1,3,5,2,1.5,6,2,0,0,94500
234,894,1976,1976,894,0,1,894,1,308,1,3,5,3,2.0,5,1,0,0,128200
235,1960,2002,2002,860,1100,1,860,1,440,2,4,8,4,3.5,6,2,0,0,216500
236,987,1971,1971,483,504,1,483,1,264,1,3,5,2,1.5,6,2,0,0,89500
237,1414,2004,2004,1414,0,1,1414,1,494,2,4,6,3,2.0,7,1,0,0,185500
238,1744,1993,2003,1014,730,1,996,1,457,2,4,7,3,2.5,7,2,0,0,194500
239,1694,2007,2007,1694,0,1,1694,1,818,3,4,7,3,2.0,8,1,0,0,318000
240,1487,1945,1950,798,689,1,735,1,220,1,3,7,3,1.5,6,2,0,0,113000
241,1566,2008,2008,1566,0,1,1566,1,750,2,4,7,3,3.0,8,1,0,0,262500
242,866,1945,1997,866,0,1,686,0,0,0,4,4,2,1.0,5,1,0,0,110500
243,1440,1900,1950,889,551,1,540,1,352,1,3,6,3,1.0,5,2,0,0,79000
244,1217,1980,1980,626,591,1,626,1,288,1,3,6,3,1.5,6,2,0,0,120000
245,2110,1994,2002,1222,888,1,948,1,463,2,4,8,3,3.5,7,2,0,0,205000
246,1872,1988,1988,1872,0,1,1845,1,604,2,3,6,3,2.5,7,1,0,0,241500
247,1928,1910,1950,908,1020,1,1020,1,440,1,2,9,4,2.0,6,2,0,0,137000
248,1375,1954,1954,1375,0,1,1367,1,451,2,3,5,2,1.0,6,1,0,0,140000
249,1668,2003,2003,840,828,1,840,1,500,2,4,8,3,2.5,7,2,0,0,180000
250,2144,1958,2006,1444,700,1,1444,1,389,2,4,7,4,2.5,6,2,0,0,277000
251,1306,1940,1966,1306,0,1,728,0,0,0,2,6,3,1.0,3,1,0,0,76500
252,1625,2006,2007,1625,0,1,1573,1,538,2,4,5,2,3.5,8,1,0,0,235000
253,1640,2004,2004,798,842,1,798,1,520,2,4,6,3,2.5,6,2,0,0,173000
254,1302,1964,1991,1302,0,1,1302,1,309,1,4,7,3,2.5,6,1,0,0,158000
255,1314,1957,1957,1314,0,1,1314,1,294,1,3,5,3,2.0,5,1,0,0,145000
256,2291,1999,1999,1005,1286,1,975,1,429,2,4,8,4,2.5,7,2,0,0,230000
257,1728,2003,2003,864,864,1,864,1,673,2,4,7,3,2.5,6,2,0,0,207500
258,1604,2006,2006,1604,0,1,1604,1,660,2,4,8,3,3.5,7,1,0,0,220000
259,1792,2001,2001,963,829,1,963,1,564,2,4,7,3,2.5,7,2,0,0,231500
260,882,1956,1956,882,0,0,0,1,308,1,3,4,2,1.0,5,1,0,0,97000
261,1382,1962,1962,1382,0,1,1362,1,884,2,3,6,3,2.0,6,1,0,0,176000
262,2574,2007,2007,1482,1092,1,1482,1,868,3,5,10,3,2.5,8,2,0,0,276000
263,1212,1977,1995,1212,0,1,506,1,492,2,3,6,3,2.0,6,1,0,0,151000
264,1316,1929,2001,926,0,1,926,1,484,2,3,6,3,2.0,5,1,0,0,130000
265,764,1925,2004,764,0,1,680,1,504,2,3,4,2,1.0,5,1,0,0,73000
266,1422,1981,1981,1422,0,1,1422,1,576,2,4,7,3,2.0,6,1,0,0,175500
267,1511,1997,1997,802,709,1,802,1,413,2,3,8,3,3.5,6,2,0,0,185000
268,2192,1939,1997,1052,720,1,720,1,240,1,4,8,4,2.5,5,2,0,0,179500
269,778,1940,1955,778,0,1,740,1,924,1,3,4,2,1.0,5,1,0,0,120500
270,1113,1976,1976,1113,0,1,1143,1,504,1,3,6,3,2.5,6,1,0,0,148000
271,1939,2006,2006,1095,844,1,1095,1,1053,3,4,8,3,2.5,8,2,0,0,266000
272,1363,1954,2005,1363,0,1,1385,1,439,2,3,5,2,2.0,7,1,0,0,241500
273,2270,1999,2007,1164,1106,1,1152,1,671,3,4,9,4,2.5,8,2,0,0,290000
274,1632,1958,1988,1632,0,1,1240,1,338,1,3,6,3,3.0,6,1,0,0,139000
275,816,1982,1982,816,0,1,816,1,264,1,3,5,2,1.0,5,1,0,0,124500
276,1548,1925,2007,952,596,1,952,1,672,2,5,5,3,2.5,7,2,0,0,205000
277,1560,2003,2003,1560,0,1,1560,1,573,2,4,7,3,2.0,7,1,0,0,201000
278,864,1951,1951,864,0,1,864,1,400,2,3,4,2,1.0,4,1,0,0,141000
279,2121,2006,2007,2121,0,1,2121,1,732,3,5,8,3,2.5,9,1,0,0,415298
280,2022,1977,1977,1156,866,1,1160,1,505,2,3,8,4,2.5,7,2,0,0,192000
281,1982,1989,1989,1175,807,1,807,1,575,2,4,7,3,2.5,7,2,0,0,228500
282,1262,2006,2006,1262,0,1,1262,1,572,2,4,5,2,2.0,6,1,0,0,185000
283,1314,2007,2008,1314,0,1,1314,1,626,2,4,6,2,3.0,7,1,0,0,207500
284,1468,2008,2009,1468,0,1,1468,1,898,3,4,6,3,2.0,8,1,0,0,244600
285,1575,1992,1992,1575,0,1,1575,1,529,2,4,5,2,3.0,6,1,0,0,179200
286,1250,2006,2007,625,625,1,625,1,528,2,4,5,2,2.5,7,2,0,0,164700
287,1734,1962,1981,1085,649,1,912,1,440,2,4,7,3,1.5,6,2,0,0,159000
288,858,1971,1971,858,0,1,858,0,0,0,3,5,3,1.0,4,1,0,0,88000
289,900,1967,1967,900,0,1,882,1,280,1,3,5,3,1.0,5,1,0,0,122000
290,1396,1915,2003,698,698,1,698,1,384,1,3,7,3,1.0,6,2,0,0,153575
291,1919,2006,2006,1079,840,1,1079,1,685,2,4,8,3,2.5,8,2,0,0,233230
292,1716,1912,2000,936,780,1,780,0,0,0,2,9,6,3.0,5,2,0,0,135900
293,1716,1949,2008,1148,568,1,768,1,281,1,3,8,3,1.5,5,2,0,0,131000
294,2263,1977,1994,1468,795,1,795,1,539,2,4,9,3,3.5,7,2,0,0,235000
295,1644,1953,1953,1644,0,1,1416,1,418,2,3,7,3,2.0,6,1,0,0,167000
296,1003,1984,1984,1003,0,1,1003,1,588,2,3,6,3,2.0,6,1,0,0,142500
297,1558,1950,1950,910,648,1,910,1,282,1,3,6,4,1.5,5,2,0,0,152000
298,1950,1997,1998,975,975,1,975,1,576,2,4,7,3,2.5,7,2,0,0,239000
299,1743,1968,1968,1041,702,1,702,1,539,2,3,7,3,2.5,6,2,0,0,175000
300,1152,1950,2004,1152,0,1,1092,1,300,1,4,6,3,1.5,6,1,0,0,158500
301,1336,1953,1953,1336,0,1,1165,1,375,1,3,5,2,2.0,5,1,0,0,157000
302,2452,1998,1999,1210,1242,1,1028,1,683,2,4,9,4,2.5,8,2,0,0,267000
303,1541,2001,2002,1541,0,1,1541,1,843,3,4,6,3,2.0,7,1,0,0,205000
304,894,1972,1972,894,0,1,894,1,552,2,3,5,3,2.0,5,1,0,0,149900
305,3493,1880,2002,1675,1818,1,1470,1,870,3,4,10,3,3.0,7,2,0,0,295000
306,2000,2004,2005,2000,0,1,2000,1,888,3,4,8,3,3.0,8,1,0,0,305900
307,2243,1990,1991,1122,1121,1,700,1,746,3,4,8,4,3.5,7,2,0,0,225000
308,1406,1920,1950,1035,371,1,319,0,0,0,2,6,3,1.0,6,2,0,0,89500
309,861,1940,1950,861,0,1,861,1,539,2,3,4,1,1.0,4,1,0,0,82500
310,1944,2003,2004,1944,0,1,1896,1,708,3,5,8,3,3.0,9,1,0,0,360000
311,1501,1993,1994,697,804,1,697,1,420,2,4,6,3,2.5,6,2,0,0,165600
312,972,1948,2002,972,0,1,972,1,240,1,3,5,2,2.0,6,1,0,0,132000
313,1118,1939,1950,793,325,1,793,1,410,2,3,5,3,2.0,5,2,0,0,119900
314,2036,1965,1965,2036,0,1,2136,1,513,2,3,8,3,4.0,7,1,0,0,375000
315,1641,1925,1990,832,809,1,728,1,546,2,5,6,3,2.0,7,2,0,0,178000
316,1432,2004,2005,716,716,1,716,1,432,2,4,6,3,3.5,7,2,0,0,188500
317,2353,1980,1980,1153,1200,1,845,1,484,2,5,10,4,3.5,7,2,0,0,260000
318,1959,2006,2006,1088,871,1,1088,1,1025,3,4,8,3,2.5,8,2,0,0,270000
319,2646,1993,1993,1372,1274,1,1347,1,656,3,4,9,4,3.5,7,2,0,0,260000
320,1472,1980,1980,1472,0,1,1372,1,588,2,3,6,3,3.0,7,1,0,0,187500
321,2596,2006,2006,1249,1347,1,1249,1,840,3,4,9,4,3.5,9,2,0,0,342643
322,2468,2004,2004,1136,1332,1,1136,1,872,3,4,10,4,3.5,8,2,0,0,354000
323,2730,1986,1987,1553,1177,1,1502,1,576,2,4,8,4,3.5,7,2,0,0,301000
324,1163,1955,2005,1163,0,1,1162,1,220,1,3,6,3,2.0,3,1,0,0,126175
325,2978,1967,2007,1898,1080,1,710,1,564,2,4,11,5,2.5,7,2,0,0,242000
326,803,1941,1950,803,0,1,720,1,360,2,3,5,2,1.0,5,1,0,0,87000
327,1719,1993,1993,1719,0,1,1719,1,473,2,4,6,1,3.5,8,1,0,0,324000
328,1383,1960,1960,1383,0,1,1383,1,292,1,3,7,3,1.5,6,1,0,0,145250
329,2134,1916,1994,1445,689,1,844,1,441,2,4,10,5,2.0,6,2,0,0,214500
330,1192,1920,1950,596,596,1,596,1,189,1,3,6,3,1.0,5,2,0,0,78000
331,1728,1964,1964,1728,0,1,1728,1,352,1,3,10,6,2.5,5,1,0,0,119000
332,1056,1958,1992,1056,0,1,1056,1,308,1,3,6,3,2.0,5,1,0,0,139000
333,1629,2003,2004,1629,0,1,3206,1,880,3,4,7,3,3.0,8,1,0,0,284000
334,1358,2004,2004,1358,0,1,1358,1,484,2,4,6,2,3.0,7,1,0,0,207000
335,1638,1998,1998,943,695,1,943,1,472,2,3,7,3,3.5,6,2,0,0,192000
336,1786,1965,1965,1619,167,1,1499,1,529,2,3,7,3,4.0,5,2,0,0,228950
337,1922,2005,2006,1922,0,1,1922,1,676,3,4,8,3,3.0,9,1,0,0,377426
338,1536,2002,2003,1536,0,1,1536,1,532,2,4,7,3,3.0,7,1,0,0,214000
339,1621,1984,1998,1621,0,1,1208,1,440,2,4,8,3,3.0,7,1,0,0,202500
340,1215,1958,1998,1215,0,1,1215,1,297,1,3,6,3,1.0,6,1,0,0,155000
341,1908,2002,2002,993,915,1,967,1,431,2,4,9,4,2.5,8,2,0,0,202900
342,841,1950,1950,841,0,1,721,1,294,1,3,4,2,1.0,4,1,0,0,82000
343,1040,1949,1950,1040,0,0,0,1,400,2,3,6,2,2.0,3,1,0,0,87500
344,1684,2005,2005,1684,0,1,1684,1,564,2,5,6,2,2.0,9,1,0,0,266000
345,1112,1976,1976,536,576,1,536,1,336,1,3,4,3,1.5,5,2,0,0,85000
346,1577,1939,1950,972,605,1,972,1,312,1,2,6,3,1.0,6,2,0,0,140200
347,958,1960,1998,958,0,1,958,1,301,1,3,5,2,1.0,6,1,0,0,151500
348,1478,1960,1960,1478,0,1,1478,1,498,2,3,6,3,3.0,6,1,0,0,157500
349,1626,2003,2004,764,862,1,764,1,474,2,4,6,2,3.5,7,2,0,0,154000
350,2728,2005,2006,1848,880,1,1848,1,706,3,5,10,4,3.5,9,2,0,0,437154
351,1869,2007,2007,1869,0,1,1869,1,617,2,5,6,2,2.0,9,1,0,0,318061
352,1453,1986,1986,1453,0,1,1453,1,445,2,4,6,2,2.5,7,1,0,0,190000
353,1111,1941,1950,616,495,1,616,1,200,1,3,5,3,1.5,5,2,0,0,95000
354,720,1928,2003,720,0,1,624,1,484,2,3,5,2,1.0,6,1,0,0,105900
355,1595,1940,2000,1192,403,1,940,1,240,1,3,6,2,1.0,6,2,0,0,140000
356,1200,1995,1995,1200,0,1,1200,1,521,2,4,6,3,3.0,6,1,0,0,177500
357,1167,1992,1992,1167,0,1,1158,1,400,2,4,6,3,3.0,6,1,0,0,173000
358,1142,1976,1976,1142,0,1,1142,1,528,2,3,6,3,2.5,5,1,0,0,134000
359,1352,1958,1958,1352,0,1,1062,1,288,1,4,6,3,1.5,5,1,0,0,130000
360,1924,1998,1998,1086,838,1,1086,1,592,2,4,7,3,3.5,8,2,0,0,280000
361,912,1978,1978,912,0,1,888,1,470,2,3,5,2,2.0,6,1,0,0,156000
362,1505,1940,1982,988,517,1,883,1,240,1,3,8,3,2.0,5,2,0,0,145000
363,1922,2003,2003,495,1427,0,0,1,672,2,4,7,4,3.0,7,2,0,0,198500
364,987,1972,2007,483,504,1,483,1,264,1,4,5,2,1.5,6,2,0,0,118000
365,1574,1976,1976,790,784,1,796,1,566,2,3,6,3,3.5,6,2,0,0,190000
366,1344,1920,1997,672,672,1,672,1,468,1,3,6,3,1.0,5,2,0,0,147000
367,1394,1963,1963,1394,0,1,1394,1,514,2,3,6,3,2.5,6,1,0,0,159000
368,1431,1962,1962,1431,0,1,1099,1,296,1,3,6,3,1.5,6,1,0,0,165000
369,1268,1954,1954,1268,0,1,1268,1,244,1,3,7,2,1.0,5,1,0,0,132000
370,1287,1959,2006,1287,0,1,1063,1,576,2,4,7,3,2.0,5,1,0,0,162000
371,1664,2000,2000,953,711,1,953,1,460,2,3,7,3,2.5,6,2,0,0,172400
372,1588,1959,1959,1120,468,0,0,1,680,2,3,7,4,2.0,4,2,0,0,134432
373,752,1984,1984,752,0,1,744,1,264,1,3,4,2,2.0,6,1,0,0,125000
374,1319,1953,1953,1319,0,1,608,1,270,1,3,5,3,2.0,5,1,0,0,123000
375,1928,2003,2004,847,1081,1,847,1,434,2,4,8,4,2.5,7,2,0,0,219500
376,904,1922,1950,904,0,1,683,0,0,0,2,4,1,1.5,1,1,0,0,61000
377,914,1996,1996,914,0,1,870,1,576,2,3,5,2,1.0,5,1,0,0,148000
378,2466,2004,2005,1580,886,1,1580,1,610,2,4,8,4,3.0,8,2,0,0,340000
379,1856,2010,2010,1856,0,1,1856,1,834,3,5,8,1,2.5,9,1,0,0,394432
380,1800,2000,2000,1007,793,1,982,1,463,2,3,7,3,2.5,6,2,0,0,179000
381,1691,1924,1950,1026,665,1,1026,1,308,1,4,6,3,2.0,5,2,0,0,127000
382,1301,2006,2006,1301,0,1,1293,1,572,2,4,5,2,3.0,7,1,0,0,187750
383,1797,2006,2006,939,858,1,939,1,639,2,4,8,3,2.5,7,2,0,0,213500
384,784,1928,1950,784,0,1,784,1,360,2,3,5,2,1.0,6,1,0,0,76000
385,1953,1992,1992,1079,874,1,1580,1,501,2,4,9,3,3.5,6,2,0,0,240000
386,1269,2004,2005,1269,0,1,1256,1,430,2,4,6,2,2.0,8,1,0,0,192000
387,1184,1910,1996,658,526,1,658,0,0,0,3,8,5,1.0,5,2,0,0,81000
388,1125,1976,1976,1125,0,1,1041,1,352,1,3,6,3,2.0,6,1,0,0,125000
389,1479,1999,2000,1479,0,1,1468,1,577,2,4,6,3,2.0,7,1,0,0,191000
390,2332,2007,2008,1742,590,1,1682,1,846,3,5,9,3,3.5,10,2,0,0,426000
391,1367,1900,1950,961,406,1,861,1,384,1,3,7,4,2.0,5,2,0,0,119000
392,1961,2001,2002,804,1157,1,804,1,560,2,4,7,3,3.5,6,2,0,0,215000
393,882,1959,1959,882,0,0,0,1,294,1,3,5,3,1.0,5,1,0,0,106500
394,788,1941,1950,788,0,1,788,0,0,0,3,4,2,1.0,4,1,0,0,100000
395,1034,1940,1950,735,299,1,735,1,240,1,3,5,2,1.0,5,2,0,0,109000
396,1144,1956,1956,1144,0,1,1144,1,596,1,3,6,3,2.0,5,1,0,0,129000
397,894,1972,1972,894,0,1,894,1,600,2,3,6,2,1.0,5,1,0,0,123000
398,1812,1962,1962,876,936,1,864,1,264,1,3,8,4,2.0,5,2,0,0,169500
399,1077,1920,1950,1077,0,1,961,1,338,1,3,6,2,1.0,5,1,0,0,67000
400,1550,2006,2007,1112,438,1,1092,1,438,2,4,7,2,3.0,7,2,0,0,241000
401,1288,1996,1996,1288,0,1,1260,1,500,2,5,4,1,2.5,8,1,0,0,245500
402,1310,2005,2005,1310,0,1,1310,1,400,2,4,6,3,2.0,7,1,0,0,164990
403,672,1940,1997,672,0,1,672,1,240,1,3,4,2,1.0,5,1,0,0,108000
404,2263,1998,1998,1165,1098,1,1141,1,420,2,4,10,4,2.5,8,2,0,0,258000
405,1572,1995,1996,806,766,1,806,1,373,2,3,7,3,2.5,6,2,0,0,168000
406,1620,1976,1993,1620,0,1,1281,1,490,2,3,8,3,3.0,4,1,0,0,150000
407,1639,1936,1950,1166,0,1,1064,1,240,1,3,6,3,1.0,6,1,0,0,115000
408,1680,1915,1976,840,840,1,840,1,308,1,3,8,4,2.0,6,2,0,0,177000
409,2172,2006,2006,1071,1101,1,1063,1,947,3,4,9,3,2.5,7,2,0,0,280000
410,2078,2007,2008,1050,1028,1,1034,1,836,3,5,8,3,3.5,8,2,0,0,339750
411,1276,1958,1958,1276,0,1,1276,1,350,1,3,5,3,1.0,5,1,0,0,60000
412,1056,1955,1955,1056,0,1,1056,1,572,2,3,5,3,2.0,5,1,0,0,145000
413,1478,2009,2009,1478,0,1,1470,1,484,2,4,7,2,3.5,7,1,0,0,222000
414,1028,1927,1950,1028,0,1,1008,1,360,2,3,5,2,1.0,5,1,0,0,115000
415,2097,1993,1993,1080,1017,1,1080,1,678,3,4,9,3,3.0,7,2,0,0,228000
416,1340,2007,2007,1340,0,1,1340,1,396,2,4,6,3,2.0,7,1,0,0,181134
417,1400,1978,1978,672,728,1,672,1,440,2,3,6,3,1.5,6,2,0,0,149500
418,2624,1918,1950,1370,1254,1,1370,1,864,3,3,10,4,3.5,6,2,0,0,239000
419,1134,1940,1950,756,378,1,756,1,240,1,3,7,3,2.5,5,2,0,0,126000
420,1056,1968,1968,1056,0,1,1056,1,304,1,3,6,3,2.0,5,1,0,0,142000
421,1344,1997,1998,1344,0,1,1344,1,784,4,3,8,2,4.0,7,1,0,0,206300
422,1602,1977,2000,1602,0,1,1602,1,529,2,4,8,3,2.5,6,1,0,0,215000
423,988,1954,1954,988,0,1,988,1,520,2,3,4,2,1.0,5,1,0,0,113000
424,2630,1998,1998,1470,1160,1,1470,1,696,3,4,8,4,3.5,8,2,0,0,315000
425,1196,1956,1956,1196,0,1,1196,1,297,1,3,6,2,2.0,6,1,0,0,139000
426,1389,1946,1992,707,682,1,651,1,240,1,3,6,3,1.5,7,2,0,0,135000
427,1644,1989,1989,1644,0,1,1518,1,569,2,4,5,2,3.5,7,1,0,0,275000
428,907,1957,1957,907,0,1,907,1,352,1,3,5,3,1.0,4,1,0,0,109008
429,1208,2007,2007,1208,0,1,1208,1,628,2,4,6,2,3.0,7,1,0,0,195400
430,1412,1988,1988,1412,0,1,1392,1,576,2,4,6,3,3.0,6,1,0,0,175000
431,987,1971,1971,483,504,1,483,1,264,1,3,4,2,1.5,6,2,0,0,85400
432,1198,1920,1998,1088,110,1,901,0,0,0,3,7,4,1.0,6,2,0,0,79900
433,1365,1971,1971,765,600,1,765,1,440,2,3,6,2,2.5,5,2,0,0,122500
434,1604,1997,1998,926,678,1,926,1,470,2,3,7,3,2.5,6,2,0,0,181000
435,630,1972,1972,630,0,1,630,0,0,0,3,3,1,2.0,4,1,0,0,81000
436,1661,1996,1996,827,834,1,799,1,550,2,4,6,3,3.5,7,2,0,0,212000
437,1118,1920,1950,734,384,1,648,1,440,2,3,6,2,1.0,6,2,0,0,116000
438,904,1926,2004,904,0,1,884,1,180,1,3,4,2,1.0,6,1,0,0,119000
439,694,1913,2002,694,0,1,440,1,352,1,4,4,2,1.0,5,1,0,0,90350
440,1196,1920,2000,684,512,1,684,1,528,2,4,7,3,1.0,6,2,0,0,110000
441,2402,2008,2008,2402,0,1,3094,1,672,3,5,10,2,3.0,10,1,0,0,555000
442,1440,1955,1955,1440,0,1,1440,0,0,0,2,8,4,2.0,4,1,0,0,118000
443,1573,1930,1992,1128,445,1,1078,1,360,2,3,8,3,2.0,5,2,0,0,162900
444,1258,2006,2007,1258,0,1,1258,1,648,3,4,6,2,2.0,7,1,0,0,172500
445,1908,1994,1995,933,975,1,915,1,493,2,4,8,4,3.5,7,2,0,0,210000
446,1689,1956,1956,1689,0,1,1436,1,480,2,3,7,3,1.0,6,1,0,0,127500
447,1888,1966,2002,1888,0,1,1517,1,578,2,4,6,2,2.5,6,1,0,0,190000
448,1886,1998,1999,956,930,1,930,1,431,2,4,10,4,2.5,7,2,0,0,199900
449,1376,1937,1950,780,596,1,780,1,198,1,3,7,3,2.0,6,2,0,0,119500
450,1183,1948,2002,679,504,1,649,1,308,1,3,6,2,1.5,3,2,0,0,120000
451,813,1930,2005,813,0,1,813,1,270,1,4,5,2,1.0,6,1,0,0,110000
452,1533,1975,1975,1533,0,1,1533,1,576,2,4,5,2,3.0,7,1,0,0,280000
453,1756,1996,1997,888,868,1,872,1,422,2,3,7,3,3.5,6,2,0,0,204000
454,1590,2008,2008,786,804,1,768,1,676,2,4,6,3,2.5,8,2,0,0,210000
455,1728,1976,1976,1728,0,1,1728,1,560,2,3,8,4,4.0,5,1,0,0,188000
456,1242,1973,1973,1242,0,1,1242,1,528,2,3,6,3,1.5,7,1,0,0,175500
457,1344,1916,1950,624,720,1,624,1,513,3,3,7,4,1.0,5,2,0,0,98000
458,1663,1954,1994,1663,0,1,1364,1,529,2,4,6,2,2.0,4,1,0,0,256000
459,1666,1925,1996,833,833,1,588,1,228,1,4,7,3,1.0,8,2,0,0,161000
460,1203,1950,1950,979,224,1,709,1,352,1,4,5,3,2.0,5,2,0,0,110000
461,1935,2009,2009,832,1103,1,832,1,552,2,3,8,3,3.5,8,2,0,0,263435
462,1135,1936,2007,575,560,1,560,1,576,2,4,6,3,2.0,7,2,0,0,155000
463,864,1965,1965,864,0,1,864,1,360,1,3,5,3,1.0,5,1,0,0,62383
464,1660,1934,1995,849,811,1,715,1,240,1,3,6,3,1.5,6,2,0,0,188700
465,1040,1978,1978,1040,0,1,1040,0,0,0,3,5,3,2.0,5,1,0,0,124000
466,1414,2004,2004,1414,0,1,1375,1,398,2,4,6,2,2.0,7,1,0,0,178740
467,1277,1970,1970,1277,0,1,1277,1,526,2,3,5,2,2.0,7,1,0,0,167000
468,1644,1942,1995,888,756,1,728,1,312,1,4,7,3,1.5,5,2,0,0,146500
469,1634,2006,2006,1634,0,1,1626,1,866,3,4,7,3,2.0,8,1,0,0,250000
470,1710,1993,1993,832,878,1,832,1,506,2,4,7,3,2.5,6,2,0,0,187000
471,1502,1985,1985,1502,0,1,1488,1,528,2,4,4,1,2.5,8,1,0,0,212000
472,1969,1977,1977,1161,808,1,808,1,534,2,3,8,3,2.5,7,2,0,0,190000
473,1072,2005,2005,1072,0,1,547,1,525,2,3,5,2,2.0,6,1,0,0,148000
474,1976,2006,2007,1976,0,1,1976,1,908,3,4,7,2,3.0,8,1,0,0,440000
475,1652,2000,2000,1652,0,1,1494,1,499,2,5,6,2,3.0,8,1,0,0,251000
476,970,1963,1963,970,0,1,970,1,624,2,3,5,2,2.0,5,1,0,0,132500
477,1493,1997,1998,1493,0,1,1478,1,508,2,4,7,3,3.0,6,1,0,0,208900
478,2643,2006,2006,2069,574,1,2153,1,694,3,5,9,3,2.5,9,2,0,0,380000
479,1718,2007,2008,1718,0,1,1705,1,826,3,4,7,3,3.0,8,1,0,0,297000
480,1131,1937,2000,1131,0,1,907,1,672,2,3,7,2,1.0,4,1,0,0,89471
481,1850,2004,2005,1850,0,1,1833,1,772,3,4,8,3,3.0,9,1,0,0,326000
482,1792,2003,2004,1792,0,1,1792,1,874,3,5,6,2,3.0,9,1,0,0,374000
483,1826,1915,2005,916,910,1,910,1,164,1,5,7,4,2.5,7,2,0,0,155000
484,1216,1998,1998,1216,0,1,1216,1,402,2,3,5,2,3.0,6,1,0,0,164000
485,999,1962,2001,999,0,1,999,1,264,1,4,6,3,2.0,5,1,0,0,132500
486,1113,1950,2007,1113,0,1,1113,1,264,1,4,5,3,1.0,5,1,0,0,147000
487,1073,1965,1965,1073,0,1,1073,1,515,2,3,6,3,2.5,5,1,0,0,156000
488,1484,1971,1971,1484,0,1,1484,1,487,2,3,7,3,2.0,5,1,0,0,175000
489,2414,1900,1970,1766,648,1,954,1,520,2,3,10,3,2.0,5,2,0,0,160000
490,630,1970,2002,630,0,1,630,1,286,1,4,3,1,2.0,4,1,0,0,86000
491,1304,1976,1976,616,688,1,264,1,336,1,3,4,3,1.5,5,2,0,0,115000
492,1578,1941,1950,958,620,1,806,1,240,1,2,5,3,2.0,6,2,0,0,133000
493,1456,2006,2006,728,728,1,728,1,429,2,3,8,3,2.5,6,2,0,0,172785
494,1269,1960,1960,1269,0,1,1269,1,308,1,3,6,3,1.5,5,1,0,0,155000
495,886,1938,1996,886,0,1,190,1,273,1,3,4,2,1.0,5,1,0,0,91300
496,720,1920,1950,720,0,1,720,0,0,0,3,4,2,1.0,4,1,0,0,34900
497,3228,1992,1993,3228,0,1,3200,1,546,2,4,10,4,4.0,8,1,0,0,430000
498,1820,1925,1950,1133,687,1,1026,1,240,1,3,8,4,3.0,7,2,0,0,184000
499,899,1967,2004,899,0,1,864,1,288,1,4,5,3,1.0,5,1,0,0,130000
500,912,1958,1985,912,0,1,912,1,297,1,3,5,2,1.5,5,1,0,0,120000
501,1218,1973,1973,672,546,1,672,1,264,1,3,7,3,1.5,6,2,0,0,113000
502,1768,2005,2005,866,902,1,866,1,603,2,4,7,3,2.5,7,2,0,0,226700
503,1214,1965,1965,1214,0,1,1214,1,461,2,3,6,2,2.0,5,1,0,0,140000
504,1801,1959,1997,1801,0,1,1501,1,484,2,3,6,1,3.0,7,1,0,0,289000
505,1322,1974,1974,855,467,1,855,1,440,2,3,6,3,3.0,6,2,0,0,147000
506,1960,1952,1952,960,1000,1,960,1,400,2,3,10,4,2.0,5,2,0,0,124500
507,1911,1993,1994,1065,846,1,777,1,471,2,4,8,3,2.5,8,2,0,0,215000
508,1218,2009,2009,1218,0,1,1218,1,676,2,4,4,2,2.0,6,1,0,0,208300
509,1378,1928,2005,689,689,1,689,1,360,2,4,7,3,2.0,7,2,0,0,161000
510,1041,1959,1959,1041,0,1,1041,1,270,1,3,6,3,2.0,5,1,0,0,124500
511,1363,1951,2000,1363,0,1,1008,1,288,1,3,6,2,2.0,5,1,0,0,164900
512,1368,2005,2006,1368,0,1,1368,1,474,2,4,6,2,2.0,7,1,0,0,202665
513,864,1958,1958,864,0,1,864,1,624,2,3,5,3,2.0,5,1,0,0,129900
514,1080,1983,1983,1080,0,1,1084,1,484,2,3,5,3,1.5,6,1,0,0,134000
515,789,1926,1950,789,0,1,768,1,200,1,3,5,2,1.0,5,1,0,0,96500
516,2020,2009,2009,2020,0,1,2006,1,900,3,5,9,3,3.5,10,1,0,0,402861
517,2119,1972,1972,1378,741,1,689,1,583,2,3,7,3,2.5,6,2,0,0,158000
518,2344,1996,1997,1277,1067,1,1264,1,889,3,4,7,3,2.5,7,2,0,0,265000
519,1796,1998,1998,882,914,1,794,1,546,2,3,7,3,3.5,6,2,0,0,211000
520,2080,1926,2004,1276,804,1,1276,1,282,1,4,9,3,1.5,7,2,0,0,234000
521,1294,1900,2000,694,600,0,0,0,0,0,3,7,3,2.0,4,2,0,0,106250
522,1244,1957,1957,1244,0,1,1244,1,336,1,3,6,3,1.5,6,1,0,0,150000
523,1664,1947,1950,1004,660,1,1004,1,420,2,3,7,3,2.0,6,2,0,0,159000
524,4676,2007,2008,3138,1538,1,3138,1,884,3,5,11,3,4.5,10,2,0,0,184750
525,2398,1996,1997,1383,1015,1,1379,1,834,3,4,8,3,3.5,7,2,0,0,315750
526,1266,2005,2005,1266,0,1,1257,1,453,2,4,6,3,2.0,7,1,0,0,176000
527,928,1956,2000,928,0,1,928,1,252,1,3,4,2,1.0,5,1,0,0,132000
528,2713,2008,2008,1476,1237,1,1452,1,858,3,5,11,3,3.5,9,2,0,0,446261
529,605,1920,2002,605,0,1,528,0,0,0,3,5,2,2.0,4,1,0,0,86000
530,2515,1957,1975,2515,0,1,2035,1,484,2,3,9,4,4.0,6,1,0,0,200624
531,1509,1988,1989,1509,0,1,1461,1,600,2,4,5,3,3.0,6,1,0,0,175000
532,1362,1920,1999,751,611,1,611,1,502,2,3,6,3,2.0,6,2,0,0,128000
533,827,1955,2007,827,0,0,0,1,392,1,3,5,2,1.0,5,1,0,0,107500
534,334,1946,1950,334,0,0,0,0,0,0,2,2,1,1.0,1,1,0,0,39300
535,1414,2004,2004,707,707,1,707,1,403,2,4,6,3,2.5,8,2,0,0,178000
536,1347,1910,1991,820,527,1,1117,0,0,0,3,5,3,2.0,5,2,0,0,107500
537,1724,1998,1999,880,844,1,880,1,527,2,4,8,3,2.5,7,2,0,0,188000
538,864,1972,1972,864,0,1,864,1,576,2,3,5,3,1.0,4,1,0,0,111250
539,1159,1968,1968,1159,0,1,1051,1,336,1,3,7,3,1.5,5,1,0,0,158000
540,1601,2001,2002,1601,0,1,1581,1,670,2,4,6,3,3.0,8,1,0,0,272000
541,1838,2006,2006,1838,0,1,1838,1,765,3,5,8,2,3.0,9,1,0,0,315000
542,2285,2000,2000,997,1288,1,969,1,648,3,4,8,4,2.5,8,2,0,0,248000
543,1680,1998,1999,1680,0,1,1650,1,583,2,4,7,3,3.0,7,1,0,0,213250
544,767,1998,1998,767,0,1,723,1,367,1,3,4,1,2.0,7,1,0,0,133000
545,1496,2006,2006,664,832,1,654,1,426,2,4,7,3,3.5,7,2,0,0,179665
546,2183,1988,1988,1377,806,1,1204,1,786,3,4,9,4,2.5,7,2,0,0,229000
547,1635,1923,1950,915,720,1,1065,1,440,2,3,6,3,1.5,6,2,0,0,210000
548,768,1970,1970,768,0,1,768,1,624,2,3,5,2,2.0,5,1,0,0,129500
549,825,1955,1995,825,0,1,825,1,720,2,3,4,2,2.0,5,1,0,0,125000
550,2094,2003,2004,912,1182,1,912,1,615,2,4,8,4,2.5,7,2,0,0,263000
551,1069,1977,1977,1069,0,1,1069,1,440,2,3,4,2,2.0,6,1,0,0,140000
552,928,1957,1957,928,0,1,928,1,288,1,3,5,3,1.0,5,1,0,0,112500
553,1717,2006,2006,1717,0,1,1709,1,908,3,4,7,3,2.0,8,1,0,0,255500
554,1126,1949,2003,1126,0,0,0,1,520,2,4,5,2,2.0,4,1,0,0,108000
555,2046,2003,2004,1006,1040,1,998,1,871,3,4,8,3,3.5,7,2,0,0,284000
556,1048,1922,1950,1048,0,1,993,1,280,1,3,5,2,1.0,5,1,0,0,113000
557,1092,1957,1957,1092,0,1,1092,1,299,1,3,6,2,2.0,5,1,0,0,141000
558,1336,1920,1950,897,439,1,637,1,570,1,3,7,3,1.5,4,2,0,0,108000
559,1446,1996,1997,729,717,1,729,1,406,2,3,6,3,3.0,7,2,0,0,175000
560,1557,2003,2004,1557,0,1,1374,1,420,2,4,7,2,2.0,7,1,0,0,234000
561,1392,1957,1996,1392,0,1,1392,1,528,2,3,5,3,2.5,5,1,0,0,121500
562,1389,1974,1975,1389,0,1,1389,1,418,2,3,6,2,2.0,5,1,0,0,170000
563,996,1940,1969,996,0,1,996,0,0,0,3,6,3,2.0,5,1,0,0,108000
564,1674,1918,1950,1163,511,1,1163,1,396,2,3,8,4,2.0,6,2,0,0,185000
565,2295,1992,2000,1166,1129,1,1095,1,590,2,4,9,4,3.5,7,2,0,0,268000
566,1647,1915,1950,841,806,1,806,1,216,1,2,6,4,2.5,6,2,0,0,128000
567,2504,2005,2007,1134,1370,1,1122,1,656,3,5,11,4,2.5,9,2,0,0,325000
568,1535,2004,2004,1535,0,1,1517,1,532,2,4,7,3,2.0,7,1,0,0,214000
569,2132,1983,2009,1496,636,1,1496,1,612,2,4,5,1,2.5,8,2,0,0,316600
570,943,1979,1979,943,0,1,943,1,600,2,3,4,2,2.0,5,1,0,0,135960
571,1728,1965,1965,1728,0,1,1728,1,576,2,3,10,6,2.0,5,1,0,0,142600
572,864,1959,1959,864,0,1,864,1,288,1,4,4,2,2.0,6,1,0,0,120000
573,1692,2009,2009,846,846,1,846,1,650,2,4,6,3,2.5,7,2,0,0,224500
574,1430,2000,2000,774,656,1,384,1,400,2,3,8,3,2.5,7,2,0,0,170000
575,1109,1971,2005,576,533,1,372,1,288,1,3,5,3,1.5,5,2,0,0,139000
576,1216,1947,1950,832,384,1,832,1,336,1,3,6,2,1.0,5,2,0,0,118500
577,1477,1928,1950,877,600,1,861,1,216,1,3,6,3,2.5,7,2,0,0,145000
578,1320,1966,1966,1320,0,1,1164,1,564,2,3,6,3,2.0,5,1,0,0,164500
579,1392,2007,2007,703,689,1,689,1,540,2,4,5,2,2.0,7,2,0,0,146000
580,1795,1954,1954,1050,745,1,1050,1,352,1,3,7,4,2.0,5,2,0,0,131500
581,1429,1960,1987,1429,0,1,1144,1,572,2,4,7,3,1.5,6,1,0,0,181900
582,2042,2008,2009,2042,0,1,2042,1,1390,3,5,8,3,2.5,8,1,0,0,253293
583,816,1990,1990,816,0,1,816,0,0,0,3,5,3,2.0,6,1,0,0,118500
584,2775,1893,2000,1521,1254,1,1237,1,880,2,4,9,3,3.5,10,2,0,0,325000
585,1573,1935,1995,989,584,1,884,1,240,1,4,6,3,1.0,4,2,0,0,133000
586,2028,2005,2006,2028,0,1,1868,1,880,3,4,7,2,3.0,8,1,0,0,369900
587,838,1918,2000,838,0,1,816,1,275,1,2,5,2,2.0,6,1,0,0,130000
588,860,1982,1982,860,0,1,840,1,528,2,3,4,2,2.0,5,1,0,0,137000
589,1473,1968,2003,1473,0,1,1437,1,452,1,5,5,1,3.0,5,1,0,0,143000
590,935,1930,1960,779,0,1,742,1,308,1,3,4,2,1.0,5,1,0,0,79500
591,1582,2004,2004,770,812,1,770,1,520,2,4,6,3,2.5,7,2,0,0,185900
592,2296,2008,2008,1728,568,1,1722,1,842,3,5,10,3,3.5,10,2,0,0,451950
593,816,1982,2003,816,0,1,816,1,816,2,3,4,2,2.0,5,1,0,0,138000
594,848,2003,2003,848,0,1,848,1,420,2,4,4,1,2.0,6,1,0,0,140000
595,924,1975,1975,924,0,1,924,1,280,1,3,5,3,1.0,5,1,0,0,110000
596,1826,2005,2006,1826,0,1,1814,1,758,3,4,7,3,3.0,8,1,0,0,319000
597,1368,1910,1993,684,684,1,684,1,216,1,3,7,3,1.0,6,2,0,0,114504
598,1402,2006,2007,1402,0,1,1258,1,648,3,4,7,2,2.0,7,1,0,0,194201
599,1647,1977,1977,1647,0,1,1430,1,621,2,4,7,3,3.0,5,1,0,0,217500
600,1556,1980,1980,716,840,1,716,1,452,2,3,6,3,3.5,6,2,0,0,151000
601,1904,2005,2005,1058,846,1,1058,1,736,2,5,8,3,3.5,8,2,0,0,275000
602,1375,1937,1950,780,595,1,780,1,544,1,4,6,3,1.5,6,2,0,0,141000
603,1915,1992,1992,927,988,1,908,1,506,2,4,8,3,3.5,8,2,0,0,220000
604,1200,2004,2005,600,600,1,600,1,480,2,4,4,2,2.5,7,2,0,0,151000
605,1494,2002,2002,1494,0,1,1494,1,530,2,4,6,3,3.0,7,1,0,0,221000
606,1986,1965,1990,1186,800,1,768,1,486,2,3,7,3,2.5,7,2,0,0,205000
607,1040,1996,1996,1040,0,1,1040,1,576,2,4,6,3,2.0,5,1,0,0,152000
608,2008,1948,2002,1112,896,1,896,1,230,1,5,8,3,4.0,5,2,0,0,225000
609,3194,1934,1998,1940,1254,1,965,1,380,2,3,10,4,2.5,8,2,0,0,359100
610,1029,1961,1961,1029,0,1,1029,1,261,1,3,5,3,2.0,4,1,0,0,118500
611,2153,2000,2000,1476,677,1,1440,1,736,3,5,8,3,3.5,9,2,0,0,313000
612,1032,1978,1978,1032,0,1,1032,1,564,2,3,6,3,2.5,6,1,0,0,148000
613,1872,2001,2001,1299,573,1,1299,1,531,2,5,7,3,3.5,8,2,0,0,261500
614,1120,2007,2007,1120,0,1,1120,0,0,0,3,6,3,1.0,5,1,0,0,147000
615,630,1972,1972,630,0,1,630,0,0,0,3,3,1,2.0,4,1,0,0,75500
616,1054,1963,1963,1054,0,1,936,1,480,2,4,6,3,2.0,6,1,0,0,137500
617,1509,2002,2003,807,702,1,783,1,393,2,4,7,3,3.5,6,2,0,0,183200
618,832,1954,1954,832,0,1,832,1,528,2,4,4,2,1.0,6,1,0,0,105500
619,1828,2007,2007,1828,0,1,1822,1,774,3,4,9,3,2.0,9,1,0,0,314813
620,2262,2003,2003,1482,780,1,1482,1,749,3,4,10,4,3.5,8,2,0,0,305000
621,864,1914,1950,864,0,1,864,0,0,0,3,5,2,2.0,3,1,0,0,67000
622,2614,1974,1997,1548,1066,1,1522,1,624,2,3,9,4,2.5,6,2,0,0,240000
623,980,1977,1977,980,0,1,980,1,484,2,3,6,3,1.0,5,1,0,0,135000
624,1512,2000,2000,756,756,1,756,1,440,2,4,4,2,2.5,6,2,0,0,168500
625,1790,1972,1972,1012,778,1,732,1,484,2,3,8,4,3.0,6,2,0,0,165150
626,1116,1962,1962,1116,0,1,1116,1,440,2,3,5,3,1.5,6,1,0,0,160000
627,1422,1960,1978,1422,0,1,978,1,286,1,3,6,3,1.0,5,1,0,0,139900
628,1520,1955,1972,1520,0,1,1156,1,364,1,3,7,3,2.0,6,1,0,0,153000
629,2080,1969,1969,1040,1040,1,1040,1,504,2,2,9,5,2.5,5,2,0,0,135000
630,1350,1964,1964,1350,0,1,1248,1,520,2,3,6,3,2.5,6,1,0,0,168500
631,1750,1880,1991,1089,661,1,636,1,240,1,5,8,3,1.0,5,2,0,0,124000
632,1554,2006,2006,1554,0,1,1554,1,627,2,4,6,2,2.0,8,1,0,0,209500
633,1411,1977,1977,1411,0,1,1386,1,544,2,3,6,3,2.0,7,1,0,0,82500
634,1056,1954,2005,1056,0,1,1056,1,260,1,3,6,3,1.5,5,1,0,0,139400
635,1056,1980,1980,1056,0,1,1056,1,576,2,3,4,0,2.0,6,1,0,0,144000
636,3395,1914,1995,1440,1440,1,1440,0,0,0,2,14,8,2.0,6,2,0,0,200000
637,800,1936,1950,800,0,1,264,0,0,0,2,4,1,1.0,2,1,0,0,60000
638,1387,1954,1954,811,576,1,811,1,256,1,4,7,3,2.0,5,2,0,0,93000
639,796,1910,1950,796,0,1,796,0,0,0,3,4,2,1.0,5,1,0,0,85000
640,1567,2006,2006,1567,0,1,1520,1,648,3,5,7,1,3.0,8,1,0,0,264561
641,1518,2003,2004,1518,0,1,1518,1,588,2,5,6,1,1.5,8,1,0,0,274000
642,1929,2001,2001,1057,872,1,1057,1,650,2,4,7,3,3.5,7,2,0,0,226000
643,2704,1972,1995,2000,704,1,1952,1,538,2,5,9,4,3.5,8,2,0,0,345000
644,1620,1969,1969,780,840,1,780,1,462,2,3,7,4,2.5,5,2,0,0,152000
645,1766,2009,2009,1766,0,1,1766,1,478,3,5,7,2,3.5,9,1,0,0,370878
646,981,1971,1971,981,0,1,981,1,576,2,3,5,3,2.5,6,1,0,0,143250
647,1048,1950,1950,1048,0,0,0,1,420,2,3,7,3,1.0,5,1,0,0,98300
648,1094,1953,1953,1094,0,1,1094,1,495,2,3,5,3,1.0,6,1,0,0,155000
649,1839,1966,1966,1051,788,1,756,1,442,2,3,7,4,1.5,6,2,0,0,155000
650,630,1970,1970,630,0,1,630,0,0,0,3,3,1,2.0,4,1,0,0,84500
651,1665,2007,2007,822,843,1,813,1,562,2,4,7,3,2.5,7,2,0,0,205950
652,1510,1940,1950,755,755,1,755,1,296,1,3,7,4,2.0,4,2,0,0,108000
653,1716,1996,1996,909,807,1,880,1,512,2,4,7,2,2.5,7,2,0,0,191000
654,1469,1906,1995,756,713,1,756,1,216,1,3,7,3,1.0,6,2,0,0,135000
655,2113,1995,1995,2113,0,1,2109,1,839,3,4,7,2,3.5,8,1,0,0,350000
656,1092,1971,1971,525,567,1,525,1,264,1,3,6,3,1.5,6,2,0,0,88000
657,1053,1959,2006,1053,0,1,1053,1,312,1,4,5,3,2.5,5,1,0,0,145500
658,1502,1931,2000,851,651,1,776,1,270,1,3,6,3,1.5,7,2,0,0,149000
659,1458,1948,1950,912,546,1,912,1,330,1,3,6,3,1.5,6,2,0,0,97500
660,1486,1964,1999,1486,0,1,1486,1,480,2,3,7,3,2.0,5,1,0,0,167000
661,1935,1976,1976,1142,793,1,793,1,550,2,3,7,3,2.5,7,2,0,0,197900
662,2448,1994,2005,1686,762,1,1629,1,711,3,4,8,4,3.5,8,2,0,0,402000
663,1392,1968,1968,1392,0,1,1392,1,576,2,3,5,2,2.0,6,1,0,0,110000
664,1181,1972,1972,1181,0,1,1138,1,588,2,3,6,3,3.0,4,1,0,0,137500
665,2097,2005,2006,2097,0,1,2077,1,1134,3,5,8,1,2.5,8,1,0,0,423000
666,1936,2000,2000,1454,482,1,1406,1,504,2,4,7,3,2.5,8,2,0,0,230500
667,2380,1965,1979,1465,915,1,1021,1,596,2,3,7,3,2.5,6,2,0,0,129000
668,1679,1994,1998,1679,0,1,1408,1,575,2,4,7,3,3.0,6,1,0,0,193500
669,1437,1956,1987,1437,0,1,1188,1,576,2,3,6,3,2.5,5,1,0,0,168000
670,1180,1922,1950,1180,0,1,700,1,252,1,2,5,2,1.0,4,1,0,0,137500
671,1476,2005,2005,738,738,1,738,1,540,2,4,7,3,3.5,6,2,0,0,173500
672,1369,1925,1950,697,672,1,672,1,300,1,3,6,3,3.0,6,2,0,0,103600
673,1208,1977,1977,1208,0,1,1208,1,546,2,3,6,3,2.5,6,1,0,0,165000
674,1839,1957,2004,1839,0,1,1477,1,416,2,4,7,3,3.0,6,1,0,0,257500
675,1136,1965,1965,1136,0,1,1136,1,384,1,3,5,3,2.0,6,1,0,0,140000
676,1441,1978,1978,855,586,1,855,1,440,2,3,7,3,2.5,6,2,0,0,148500
677,1774,1900,1950,1095,679,1,1095,1,779,3,3,8,4,3.0,4,2,0,0,87000
678,792,1924,2006,792,0,1,768,1,240,1,4,5,2,1.0,5,1,0,0,109500
679,2046,2008,2008,2046,0,1,2046,1,834,3,4,7,3,2.5,8,1,0,0,372500
680,988,1961,1961,988,0,1,988,1,572,2,3,5,3,2.0,5,1,0,0,128500
681,923,1980,1980,923,0,1,923,1,264,1,3,5,2,2.0,6,1,0,0,143000
682,1520,1932,2000,848,672,1,793,1,281,1,3,6,3,1.0,5,2,0,0,159434
683,1291,1996,1997,1291,0,1,1291,1,431,2,4,6,2,2.0,6,1,0,0,173000
684,1668,2002,2002,1668,0,1,1626,1,702,3,4,7,3,3.0,9,1,0,0,285000
685,1839,1998,1998,1195,644,1,1195,1,486,2,3,7,4,2.5,7,2,0,0,221000
686,2090,1984,1984,1190,900,1,1190,1,577,2,4,6,3,3.0,7,2,0,0,207500
687,1761,2007,2007,874,887,1,874,1,578,2,4,7,3,3.0,7,2,0,0,227875
688,1102,2004,2004,551,551,1,551,1,480,2,4,4,2,2.5,7,2,0,0,148800
689,1419,2007,2007,1419,0,1,1419,1,567,2,4,7,2,3.0,8,1,0,0,392000
690,1362,2005,2006,1362,0,1,1362,1,460,2,4,6,2,2.0,6,1,0,0,194700
691,848,2004,2004,848,0,1,848,1,420,2,4,3,1,2.0,6,1,0,0,141000
692,4316,1994,1995,2444,1872,1,2444,1,832,3,5,10,4,4.0,10,2,0,0,755000
693,2519,1989,1990,1238,1281,1,1210,1,628,2,4,9,4,3.5,7,2,0,0,335000
694,1073,1921,1968,1073,0,1,1073,1,326,1,3,4,2,1.0,5,1,0,0,108480
695,1539,1936,1950,1067,472,1,927,1,576,2,3,5,3,1.5,5,2,0,0,141500
696,1137,1987,1987,1137,0,1,1112,1,551,2,4,5,2,3.0,6,1,0,0,176000
697,616,1921,1950,616,0,1,616,1,205,1,3,4,2,1.0,5,1,0,0,89000
698,1148,1952,1952,1148,0,1,980,1,308,1,3,6,2,1.5,5,1,0,0,123500
699,894,1965,2009,894,0,1,894,1,336,1,3,5,3,2.0,5,1,0,0,138500
700,1391,2004,2004,1391,0,1,1391,1,530,2,4,5,2,2.0,7,1,0,0,196000
701,1800,2002,2002,1800,0,1,1800,1,765,3,4,7,3,3.0,8,1,0,0,312500
702,1164,1969,1969,1164,0,1,1164,1,528,2,3,6,3,1.5,7,1,0,0,140000
703,2576,2006,2006,1264,1312,1,1234,1,666,3,5,10,4,2.5,8,2,0,0,361919
704,1812,1900,1996,1032,780,1,360,1,672,2,4,8,4,2.0,5,2,0,0,140000
705,1484,2004,2005,1484,0,1,1473,1,606,2,4,7,3,3.0,7,1,0,0,213000
706,1092,1930,1950,372,720,0,0,0,0,0,2,7,3,2.0,4,2,0,0,55000
707,1824,1971,2002,1824,0,1,1643,1,739,2,4,5,2,3.0,7,1,0,0,302000
708,1324,2006,2006,1324,0,1,1324,1,550,2,4,6,2,3.0,8,1,0,0,254000
709,1456,2007,2007,728,728,1,728,1,400,2,4,8,3,2.5,7,2,0,0,179540
710,904,1966,1966,904,0,1,876,1,408,1,3,6,3,1.0,5,1,0,0,109900
711,729,1935,2003,729,0,1,270,0,0,0,3,5,2,1.0,3,1,0,0,52000
712,1178,1900,1950,859,319,1,859,1,384,1,3,7,2,1.0,4,2,0,0,102776
713,1228,1988,1989,1228,0,1,1228,1,472,2,4,5,2,3.0,8,1,0,0,189000
714,960,1970,1970,960,0,1,960,1,576,2,3,6,3,2.0,4,1,0,0,129000
715,1479,1976,2005,725,754,1,725,1,475,2,4,6,3,2.5,6,2,0,0,130500
716,1350,1974,1974,1350,0,1,1064,1,478,2,3,7,3,2.0,6,1,0,0,165000
717,2554,1890,1998,1576,978,1,718,1,704,2,3,8,3,1.5,7,2,0,0,159500
718,1178,1973,2000,1178,0,1,1176,1,439,2,4,5,3,2.0,5,1,0,0,157000
719,2418,1993,1994,1325,1093,1,1311,1,983,3,4,9,3,3.5,7,2,0,0,341000
720,971,1969,1969,971,0,1,971,1,300,1,3,5,3,1.5,5,1,0,0,128500
721,1742,1985,1985,1742,0,1,1742,1,564,2,4,5,2,3.0,8,1,0,0,275000
722,848,2004,2004,848,0,1,848,1,420,2,4,3,1,2.0,6,1,0,0,143000
723,864,1970,1970,864,0,1,864,1,463,2,3,5,3,1.0,4,1,0,0,124500
724,1470,1954,1972,997,473,1,941,1,548,1,3,7,4,2.0,4,2,0,0,135000
725,1698,2007,2008,1698,0,1,1698,1,768,3,5,8,3,3.0,9,1,0,0,320000
726,864,1970,1970,864,0,1,864,1,660,2,4,5,3,1.0,4,1,0,0,120500
727,1680,1988,2007,1680,0,1,880,1,540,2,4,5,3,3.0,6,1,0,0,222000
728,1232,2007,2007,1232,0,1,1232,1,632,2,4,6,2,3.0,7,1,0,0,194500
729,1776,1958,1958,1776,0,1,1584,1,888,3,3,9,4,3.0,5,1,0,0,110000
730,1208,1925,1950,848,0,1,780,1,539,2,3,5,2,1.0,4,1,0,0,103000
731,1616,1995,1996,1616,0,1,1595,1,608,2,4,5,2,3.0,8,1,0,0,236500
732,1146,2003,2003,1146,0,1,868,1,438,2,4,6,3,3.0,7,1,0,0,187500
733,2031,1998,1999,1153,878,1,1153,1,541,2,4,8,3,2.5,7,2,0,0,222500
734,1144,1961,1983,1144,0,1,864,1,264,1,3,6,3,2.0,5,1,0,0,131400
735,948,1968,1968,948,0,1,948,1,300,1,3,6,3,1.0,5,1,0,0,108000
736,1768,1914,1970,880,888,1,880,1,320,2,3,6,2,1.5,7,2,0,0,163000
737,1040,1950,1950,1040,0,0,0,1,400,2,3,6,2,2.0,3,1,0,0,93500
738,1801,2005,2005,901,900,1,893,1,800,3,4,8,3,2.5,8,2,0,0,239900
739,1200,1987,1988,1200,0,1,1200,0,0,0,3,5,3,6.0,5,1,0,0,179000
740,1728,2004,2004,864,864,1,864,1,572,2,4,7,3,2.5,7,2,0,0,190000
741,1432,1910,2002,768,664,1,264,1,360,2,3,7,2,2.0,5,2,0,0,132000
742,912,1961,1996,912,0,1,912,1,288,1,4,5,3,2.5,6,1,0,0,142000
743,1349,2000,2001,1349,0,1,1349,1,539,2,3,6,3,2.0,7,1,0,0,179000
744,1464,1963,1999,1464,0,1,520,1,480,2,3,6,3,2.5,5,1,0,0,175000
745,1337,1993,1993,1337,0,1,1337,1,462,2,4,5,2,3.0,8,1,0,0,180000
746,2715,1976,1996,1175,1540,1,1142,1,831,2,4,11,4,4.0,8,2,0,0,299800
747,2256,2000,2000,980,1276,1,952,1,554,2,4,8,4,2.5,7,2,0,0,236000
748,2640,1880,2003,1320,1320,1,1240,1,864,4,4,8,4,1.5,7,2,0,0,265979
749,1720,1996,1996,1720,0,1,1720,1,527,2,4,7,3,3.0,7,1,0,0,260400
750,1529,1945,1950,1088,441,0,0,1,240,1,3,9,4,2.0,4,2,0,0,98000
751,1140,1910,2004,792,348,1,576,0,0,0,3,7,3,1.0,4,2,0,0,96500
752,1320,2003,2003,660,660,1,660,1,400,2,4,6,3,2.5,7,2,0,0,162000
753,1494,1997,1997,1494,0,1,1479,1,576,2,4,6,3,3.0,6,1,0,0,217000
754,2098,2005,2005,1038,1060,1,1030,1,878,3,5,8,3,2.5,8,2,0,0,275500
755,1026,1969,2005,1026,0,1,1026,1,440,2,4,5,3,2.0,6,1,0,0,156000
756,1471,1999,1999,742,729,1,729,1,440,2,3,6,3,2.5,6,2,0,0,172500
757,1768,2007,2007,866,902,1,866,1,578,2,4,7,3,2.5,8,2,0,0,212000
758,1386,1978,1978,672,714,1,672,1,440,2,3,6,3,2.5,6,2,0,0,158900
759,1501,1999,1999,757,744,1,744,1,440,2,3,6,3,2.5,7,2,0,0,179400
760,2531,1995,1995,1328,1203,1,1318,1,752,3,4,9,4,2.5,8,2,0,0,290000
761,864,1959,1959,864,0,1,864,1,300,1,3,5,2,1.0,6,1,0,0,127500
762,1301,1924,1950,1301,0,1,1145,1,440,2,2,5,2,1.0,5,1,0,0,100000
763,1547,2009,2009,764,783,1,756,1,614,2,4,7,3,2.5,7,2,0,0,215200
764,2365,1999,1999,1268,1097,1,1252,1,856,3,4,8,3,3.5,8,2,0,0,337000
765,1494,1995,1996,1494,0,1,1494,1,481,2,5,6,2,2.5,8,1,0,0,270000
766,1506,2008,2008,1506,0,1,1498,1,592,2,5,6,2,2.0,9,1,0,0,264132
767,1714,1988,1988,980,734,1,980,1,496,2,3,7,3,2.5,7,2,0,0,196500
768,1750,1940,1985,983,767,1,983,1,423,1,3,7,4,3.0,6,2,0,0,160000
769,1836,2004,2005,1836,0,1,1860,1,484,2,4,8,3,2.0,7,1,0,0,216837
770,3279,2003,2003,1690,1589,1,1650,1,841,3,5,12,4,4.5,8,2,0,0,538000
771,858,1982,1982,858,0,1,858,1,576,2,3,5,2,2.0,5,1,0,0,134900
772,1220,1951,1951,1220,0,1,836,1,396,2,3,6,2,1.0,4,1,0,0,102000
773,1117,1976,1976,1117,0,1,1029,1,672,2,3,6,3,2.0,6,1,0,0,107000
774,912,1958,1958,912,0,1,912,1,275,1,3,5,2,1.0,5,1,0,0,114500
775,1973,2006,2006,1973,0,1,1935,1,895,3,4,9,3,2.0,8,1,0,0,395000
776,1204,1998,1998,1204,0,1,1204,1,412,2,3,5,2,3.0,6,1,0,0,162000
777,1614,2005,2006,1614,0,1,1614,1,865,3,4,7,3,2.0,7,1,0,0,221500
778,894,1974,1974,894,0,1,864,1,440,2,3,5,3,2.0,5,1,0,0,142500
779,2020,1977,1977,2020,0,0,0,1,630,2,3,10,4,2.0,5,1,0,0,144000
780,1004,1977,1977,1004,0,1,975,1,504,2,3,4,2,2.0,6,1,0,0,135000
781,1253,1995,1996,1253,0,1,1237,1,402,2,3,6,3,2.0,7,1,0,0,176000
782,1603,1992,1992,810,793,1,761,1,484,2,4,7,3,2.5,6,2,0,0,175900
783,1430,2001,2002,1430,0,1,1413,1,605,2,4,6,3,2.0,7,1,0,0,187100
784,1110,1978,1978,1110,0,1,1097,1,602,2,4,4,1,2.0,5,1,0,0,165500
785,1484,1914,2001,742,742,1,742,0,0,0,3,9,3,2.0,6,2,0,0,128000
786,1342,1967,1967,1342,0,1,1372,1,457,2,3,7,3,2.0,6,1,0,0,161500
787,1652,1915,1950,966,686,1,686,1,416,1,3,7,4,3.0,5,2,0,0,139000
788,2084,2004,2004,956,1128,1,956,1,618,2,4,8,4,3.5,7,2,0,0,233000
789,901,1954,2000,901,0,1,901,1,281,1,3,4,2,1.0,4,1,0,0,107900
790,2087,1966,2007,976,1111,1,832,1,444,2,4,9,5,2.5,6,2,0,0,187500
791,1145,2005,2006,1145,0,1,1145,1,397,2,4,5,2,2.0,7,1,0,0,160200
792,1062,1976,1976,1062,0,1,1029,1,539,2,3,5,3,2.0,6,1,0,0,146800
793,2013,1996,1997,1127,886,1,1117,1,455,2,3,8,3,3.5,7,2,0,0,269790
794,1496,2007,2007,1496,0,1,1496,1,474,2,4,7,3,2.0,8,1,0,0,225000
795,1895,1994,1996,1086,809,1,712,1,409,2,4,7,3,2.5,7,2,0,0,194500
796,1564,1980,1981,888,676,1,650,1,476,2,3,7,3,2.5,6,2,0,0,171000
797,1285,1977,1977,1285,0,1,660,1,528,2,3,7,3,1.5,6,1,0,0,143500
798,773,1953,1953,773,0,1,773,1,240,1,3,4,2,1.0,5,1,0,0,110000
799,3140,2008,2009,1966,1174,1,1926,1,820,3,5,11,4,3.5,9,2,0,0,485000
800,1768,1937,1950,981,787,1,731,1,240,1,4,7,3,2.5,5,2,0,0,175000
801,1688,1997,1997,616,1072,1,616,1,603,2,4,8,4,3.5,6,2,0,0,200000
802,1196,1916,1990,1196,0,1,1196,1,440,2,3,5,2,2.0,4,1,0,0,109900
803,1456,2005,2005,728,728,1,728,1,410,2,4,7,3,3.5,7,2,0,0,189000
804,2822,2008,2009,1734,1088,1,1734,1,1020,3,5,12,4,3.5,9,2,0,0,582933
805,1128,1954,1954,1128,0,1,936,1,286,1,3,5,2,1.0,5,1,0,0,118000
806,1428,2008,2008,1428,0,1,1417,1,554,2,5,6,3,2.0,7,1,0,0,227680
807,980,1967,1967,980,0,1,980,1,384,1,3,6,3,2.0,5,1,0,0,135500
808,1576,1923,2004,1072,504,1,1324,1,528,2,4,6,3,3.5,5,2,0,0,223500
809,1086,1966,1966,1086,0,1,1024,1,484,2,3,6,3,2.0,5,1,0,0,159950
810,2138,1898,1965,1075,1063,1,849,1,360,2,3,11,2,2.0,5,2,0,0,106000
811,1309,1974,1999,1309,0,1,1040,1,484,2,4,5,3,2.5,6,1,1,1,181000
812,848,2004,2004,848,0,1,848,1,420,2,4,4,1,2.0,6,1,0,0,144500
813,1044,1952,1952,1044,0,1,540,1,504,2,2,4,2,1.0,5,1,0,0,55993
814,1442,1958,1958,1442,0,1,1442,1,301,1,3,7,4,1.5,6,1,0,0,157900
815,1250,1918,1950,686,564,1,686,1,280,1,2,7,3,2.0,5,2,0,0,116000
816,1661,1998,1998,1661,0,1,1649,1,598,2,4,6,3,2.0,7,1,0,0,224900
817,1008,1954,1954,1008,0,1,1008,1,275,1,3,4,2,1.0,5,1,0,0,137000
818,1689,2002,2002,1689,0,1,1568,1,857,3,4,7,3,3.0,8,1,0,0,271000
819,1052,1971,1971,1052,0,1,1010,1,440,2,3,6,3,2.0,6,1,0,0,155000
820,1358,2009,2010,1358,0,1,1358,1,484,2,4,6,2,3.0,7,1,0,0,224000
821,1640,2003,2003,798,842,1,798,1,595,2,4,6,3,2.5,7,2,0,0,183000
822,936,1953,1953,936,0,1,936,1,576,2,3,4,2,1.0,4,1,0,0,93000
823,1733,2003,2003,847,886,1,847,1,433,2,4,7,3,2.5,7,2,0,0,225000
824,1489,1940,1950,944,545,1,778,1,240,1,3,7,3,2.0,6,2,0,0,139500
825,1489,2006,2006,1489,0,1,1489,1,776,2,4,7,3,2.0,8,1,0,0,232600
826,2084,2007,2008,2084,0,1,2078,1,1220,3,5,7,2,3.0,10,1,0,0,385000
827,784,1924,1950,784,0,1,784,0,0,0,4,5,2,2.0,5,1,0,0,109500
828,1434,2001,2001,1434,0,1,1454,1,527,2,4,6,3,2.0,7,1,0,0,189000
829,2126,1967,1967,1160,966,1,1013,1,538,2,3,7,3,3.0,5,2,0,0,185000
830,1223,2005,2005,520,623,1,600,1,480,2,4,4,2,2.5,7,2,0,0,147400
831,1392,1957,1957,1392,0,1,1392,1,458,2,3,6,3,2.5,6,1,0,0,166000
832,1200,2005,2005,520,600,1,600,1,480,2,4,4,2,2.5,7,2,0,0,151000
833,1829,2003,2003,941,888,1,941,1,613,2,4,7,3,3.5,7,2,0,0,237000
834,1516,1964,1964,1516,0,1,1516,1,472,2,3,6,3,1.5,6,1,0,0,167000
835,1144,1961,1961,1144,0,1,1144,1,456,2,3,6,3,2.0,5,1,0,0,139950
836,1067,1950,1995,1067,0,1,1067,1,436,2,4,4,2,2.0,4,1,0,0,128000
837,1559,1948,1973,1559,0,1,1559,1,812,2,3,5,2,2.0,5,1,0,0,153500
838,987,1973,1973,483,504,1,483,1,264,1,3,5,2,2.5,6,2,0,0,100000
839,1099,1995,2006,1099,0,1,1099,1,352,1,4,6,3,1.5,5,1,0,0,144000
840,1200,1946,1995,768,432,1,768,1,240,1,3,6,3,1.0,5,2,0,0,130500
841,1482,1925,1950,810,672,1,672,1,400,1,2,7,4,2.0,6,2,0,0,140000
842,1539,1904,2002,958,581,1,650,1,686,2,4,8,3,2.0,5,2,0,0,157500
843,1165,1966,1966,1165,0,1,1127,1,490,2,3,6,3,2.5,6,1,0,0,174900
844,1800,1961,1961,1800,0,1,1800,0,0,0,3,10,6,2.0,5,1,0,0,141000
845,1416,1915,1950,876,540,1,876,1,720,3,3,7,4,1.5,5,2,0,0,153900
846,1701,1975,1981,1701,0,1,1390,1,611,2,3,6,3,3.0,5,1,0,0,171000
847,1775,1993,1993,1006,769,1,740,1,425,2,4,7,3,3.5,7,2,0,0,213000
848,864,1972,1972,864,0,1,864,1,338,1,3,5,3,2.0,5,1,0,0,133500
849,2358,1908,1997,1307,1051,1,907,1,360,2,3,10,5,3.0,6,2,0,0,240000
850,1855,1976,1994,1094,761,1,528,1,512,2,3,7,3,2.5,6,2,0,0,187000
851,848,2003,2003,848,0,1,848,1,420,2,4,3,1,2.0,6,1,0,0,131500
852,1456,2003,2003,1456,0,1,1273,1,400,2,4,7,2,2.0,8,1,0,0,215000
853,1646,1941,1950,918,728,1,918,1,240,1,3,7,4,2.0,7,2,0,0,164000
854,1445,1964,1964,1445,0,1,1127,1,645,2,3,7,3,1.5,6,1,0,0,158000
855,1779,1955,1974,1779,0,1,1763,1,454,2,3,6,3,2.5,5,1,0,0,170000
856,1040,1962,2010,1040,0,1,1040,1,260,1,3,6,3,2.5,5,1,0,0,127000
857,1026,1978,1978,1026,0,1,940,1,576,2,3,5,3,2.0,6,1,0,0,147000
858,1481,1994,1995,702,779,1,702,1,343,2,3,6,3,2.5,6,2,0,0,174000
859,1370,1976,1976,1370,0,1,1090,1,479,2,3,6,3,2.0,7,1,0,0,152000
860,2654,1968,1984,1512,1142,1,1054,1,619,2,4,9,4,3.5,6,2,0,0,250000
861,1426,1918,1998,912,514,1,912,1,216,1,4,7,3,1.5,7,2,0,0,189950
862,1039,1965,1965,1039,0,1,1039,1,504,2,3,6,3,2.5,5,1,0,0,131500
863,1097,1984,1985,1097,0,1,1040,1,480,2,3,6,3,2.0,6,1,0,0,152000
864,1148,1959,1959,1148,0,1,1148,1,672,1,3,6,3,2.0,5,1,0,0,132500
865,1372,2007,2008,1372,0,1,1372,1,529,2,4,6,3,2.0,7,1,0,0,250580
866,1002,1970,1970,1002,0,1,1002,1,902,2,3,5,3,2.0,5,1,0,0,148500
867,1646,2006,2007,1646,0,1,1638,1,870,3,4,6,3,2.0,8,1,0,0,248900
868,1120,1961,1961,1120,0,1,1040,1,544,2,2,5,3,2.5,4,1,0,0,129000
869,2320,1948,1950,1547,720,0,0,1,672,2,3,7,2,2.0,5,2,0,0,169000
870,1949,1993,1994,1062,887,1,1050,1,574,2,4,8,3,3.5,7,2,0,0,236000
871,894,1962,1962,894,0,1,894,1,308,1,3,5,2,1.0,5,1,0,0,109500
872,1682,1998,1998,804,878,1,804,1,523,2,4,7,3,2.5,6,2,0,0,200500
873,910,1953,1996,910,0,1,105,1,414,2,4,5,3,1.0,5,1,0,0,116000
874,1268,1949,1950,1036,0,1,832,1,288,1,3,6,3,1.0,5,1,0,0,133000
875,1131,1941,1950,676,455,1,676,1,200,1,3,5,3,1.5,5,2,0,0,66500
876,2610,2007,2007,1184,1426,1,1184,1,550,2,5,11,4,2.5,8,2,0,0,303477
877,1040,1963,1963,1040,0,1,1064,1,648,2,3,5,3,2.0,4,1,0,0,132250
878,2224,2004,2005,1462,762,1,1462,1,738,3,5,10,4,3.5,9,2,0,0,350000
879,1155,1961,1995,1155,0,1,1109,1,576,2,4,6,3,2.0,5,1,0,0,148000
880,864,1978,2005,864,0,1,864,1,336,1,3,6,3,2.0,5,1,0,0,136500
881,1090,2005,2006,1090,0,1,1090,1,450,2,3,5,2,2.5,5,1,0,0,157000
882,1717,1990,1991,1187,530,1,1156,1,400,2,4,7,3,2.5,7,2,0,0,187500
883,1593,1992,1993,808,785,1,808,1,389,2,3,7,3,2.5,6,2,0,0,178000
884,2230,1912,1950,954,795,1,795,1,440,1,3,10,5,2.0,4,2,0,0,118500
885,892,1967,1967,892,0,1,892,1,288,1,3,5,3,1.0,5,1,0,0,100000
886,1709,1999,2000,1709,0,1,1698,1,506,2,4,5,2,3.0,9,1,0,0,328900
887,1712,1959,2005,1712,0,1,1626,1,588,2,3,8,4,2.0,5,1,0,0,145000
888,1393,1955,1955,872,521,1,816,1,300,1,3,8,3,1.5,5,2,0,0,135500
889,2217,1970,1970,2217,0,1,2217,1,621,2,4,8,4,3.0,8,1,0,0,268000
890,1505,1953,1953,1505,0,1,1505,1,505,2,3,6,2,2.0,6,1,0,0,149500
891,924,1949,2006,672,252,1,672,1,576,2,3,6,3,1.0,5,2,0,0,122900
892,1683,1978,1978,918,765,1,918,1,440,2,3,7,3,2.5,6,2,0,0,172500
893,1068,1963,2003,1068,0,1,1059,1,264,1,3,6,3,1.5,6,1,0,0,154500
894,1383,1954,1954,1383,0,1,1383,1,354,1,3,6,3,2.0,5,1,0,0,165000
895,1535,1979,1979,1535,0,0,0,1,400,2,3,8,4,2.0,5,1,0,0,118858
896,1796,1963,1963,983,813,1,780,1,483,2,3,8,4,2.5,6,2,0,0,140000
897,951,1936,1950,951,0,1,951,1,327,1,3,6,2,1.0,4,1,0,0,106500
898,2240,1979,1979,1120,1120,0,0,1,528,2,3,12,6,2.0,5,2,0,0,142953
899,2364,2009,2010,2364,0,1,2330,1,820,3,5,11,2,3.5,9,1,0,0,611657
900,1236,1961,1994,1236,0,1,912,1,288,1,3,6,3,1.0,5,1,0,0,135000
901,858,1971,1971,858,0,1,858,1,684,1,3,4,2,1.0,4,1,0,0,110000
902,1306,1957,2000,1306,0,1,992,1,756,1,3,5,2,2.0,5,1,0,0,153000
903,1509,2003,2003,807,702,1,783,1,393,2,4,8,3,2.5,7,2,0,0,180000
904,1670,2006,2006,1670,0,1,1670,1,690,3,4,7,3,2.0,7,1,0,0,240000
905,902,1967,1967,902,0,1,876,1,288,1,3,6,3,1.0,5,1,0,0,125500
906,1063,1954,1954,1063,0,1,1056,1,280,1,3,6,3,2.0,5,1,0,0,128000
907,1636,2006,2006,1636,0,1,1623,1,865,3,4,8,3,3.0,8,1,0,0,255000
908,2057,1936,1987,1020,1037,1,1017,1,180,1,4,6,3,1.5,7,2,0,0,250000
909,902,1983,1983,902,0,1,864,1,484,2,3,5,2,2.0,5,1,0,0,131000
910,1484,2005,2005,742,742,1,742,1,390,2,4,8,3,2.5,6,2,0,0,174000
911,2274,1960,1960,1105,1169,1,1105,1,480,2,3,12,5,2.0,5,2,0,0,154300
912,1268,1977,1989,1268,0,1,1268,1,252,1,4,5,3,1.5,5,1,0,0,143500
913,1015,1925,1950,1015,0,1,768,1,450,1,3,6,3,1.0,5,1,0,0,88000
914,2002,1949,1950,1001,1001,1,1001,1,871,3,3,8,4,2.0,5,2,0,0,145000
915,1224,2009,2009,612,612,1,612,1,528,2,4,4,2,2.5,6,2,0,0,173733
916,1092,1970,1970,546,546,1,546,1,286,1,3,6,3,1.5,4,2,0,0,75000
917,480,1949,1950,480,0,1,480,1,308,1,3,4,1,1.0,2,1,0,0,35311
918,1229,1956,1956,1229,0,1,1134,1,284,1,3,6,3,1.0,4,1,0,0,135000
919,2127,1991,1991,912,1215,1,1104,1,833,3,4,8,4,3.5,7,2,0,0,238000
920,1414,1958,2002,1414,0,1,1184,1,601,2,3,6,3,2.0,6,1,0,0,176500
921,1721,1994,1994,936,785,1,928,1,471,2,4,7,3,3.0,6,2,0,0,201000
922,2200,1900,2003,1272,928,1,1272,0,0,0,3,9,4,5.0,5,2,0,0,145900
923,1316,2005,2006,1316,0,1,1316,1,397,2,4,6,3,2.0,6,1,0,0,169990
924,1617,1993,1994,1617,0,1,1604,1,533,2,4,5,2,3.0,6,1,0,0,193000
925,1686,1980,1980,1686,0,1,1686,1,612,2,3,7,3,3.0,6,1,0,0,207500
926,1126,1977,1977,1126,0,1,1126,1,540,2,5,6,3,2.5,5,1,0,0,175000
927,2374,2003,2004,1234,1140,1,1181,1,656,3,5,10,4,2.5,8,2,0,0,285000
928,1978,1968,1968,1098,880,1,832,1,486,2,3,9,4,2.5,7,2,0,0,176000
929,1788,2001,2001,1788,0,1,1753,1,522,2,5,7,3,2.0,8,1,0,0,236500
930,2236,1997,1997,993,1243,1,964,1,642,2,4,8,4,2.5,7,2,0,0,222000
931,1466,2007,2007,1466,0,1,1466,1,610,3,4,7,3,2.0,8,1,0,0,201000
932,925,1965,1965,925,0,1,925,1,429,1,3,5,2,1.5,5,1,0,0,117500
933,1905,2006,2006,1905,0,1,1905,1,788,3,5,8,3,2.0,9,1,0,0,320000
934,1500,2004,2004,1500,0,1,1500,1,570,2,4,6,3,2.0,7,1,0,0,190000
935,2069,1960,2007,2069,0,1,585,1,505,2,4,9,4,3.0,7,1,0,0,242000
936,747,1926,1953,747,0,1,600,1,528,2,3,5,1,1.0,4,1,0,0,79900
937,1200,2003,2003,1200,0,1,1176,1,555,2,4,5,2,3.0,7,1,0,0,184900
938,1971,2005,2005,1113,858,1,1113,1,689,2,4,8,3,2.5,7,2,0,0,253000
939,1962,2006,2006,1391,571,1,1391,1,868,3,4,7,3,2.5,7,2,0,0,239799
940,2403,1940,1950,1207,1196,1,1032,1,349,1,3,10,4,2.0,7,2,0,0,244400
941,1728,1976,1976,1728,0,1,1728,1,574,2,3,8,4,2.0,6,1,0,0,150900
942,2060,1999,1999,1022,1038,1,992,1,390,2,4,8,3,3.5,7,2,0,0,214000
943,1440,1977,1977,1440,0,1,1440,0,0,0,3,8,4,4.0,4,1,0,0,150000
944,1632,1967,1967,1632,0,1,1632,1,576,2,3,8,4,2.0,5,1,0,0,143000
945,1344,1958,1958,1344,0,1,819,1,525,2,4,7,3,1.5,6,1,0,0,137500
946,1869,1890,1996,1188,561,1,1088,1,456,2,3,7,2,1.0,5,2,0,0,124900
947,1144,1959,1959,1144,0,1,1144,1,796,1,3,6,3,2.0,5,1,0,0,143000
948,1629,2002,2003,1629,0,1,1616,1,808,3,4,9,3,3.0,8,1,0,0,270000
949,1776,2002,2002,936,840,1,936,1,474,2,4,7,3,2.5,7,2,0,0,192500
950,1381,1972,2006,1381,0,1,1161,1,676,2,4,5,3,2.5,6,1,0,0,197500
951,864,1950,2002,864,0,1,864,1,720,2,4,5,3,2.0,5,1,0,0,129000
952,965,1965,1965,965,0,1,828,1,300,1,3,6,3,2.0,5,1,0,0,119900
953,768,1972,2003,768,0,1,768,1,396,1,3,5,2,1.5,5,1,0,0,133900
954,1968,1969,1969,1168,800,1,784,1,530,2,3,7,4,3.0,5,2,0,0,172000
955,980,1975,1975,980,0,1,945,0,0,0,3,4,4,3.0,6,1,0,0,127500
956,1958,1946,1950,979,979,1,979,1,492,2,3,8,4,2.0,6,2,0,0,145000
957,1229,1980,1980,561,668,1,561,1,462,2,3,5,2,1.5,6,2,0,0,124000
958,1057,1962,1962,1057,0,1,1057,1,576,2,3,6,3,1.0,5,1,0,0,132000
959,1337,2003,2003,1337,0,1,1337,1,531,2,4,6,3,3.0,7,1,0,0,185000
960,1416,1999,1999,696,720,1,696,1,484,2,4,6,3,3.5,7,2,0,0,155000
961,858,1958,2008,858,0,1,858,0,0,0,3,4,2,2.0,5,1,0,0,116500
962,2872,1977,1995,1542,1330,1,1330,1,619,2,3,11,4,3.5,6,2,0,0,272000
963,1548,1976,1976,804,744,1,804,1,440,2,4,7,3,3.5,6,2,0,0,155000
964,1800,2007,2007,1800,0,1,1800,1,702,2,5,7,2,2.0,9,1,0,0,239000
965,1894,2002,2003,824,1070,1,817,1,510,2,4,8,4,3.5,7,2,0,0,214900
966,1484,2005,2007,783,701,1,783,1,393,2,4,8,3,2.5,6,2,0,0,178900
967,1308,1940,1950,976,332,1,728,1,256,1,3,7,2,2.5,5,2,0,0,160000
968,1098,1955,1955,1098,0,1,1098,1,260,1,3,6,3,2.0,5,1,0,0,135000
969,968,1910,1950,600,368,1,600,0,0,0,3,6,2,1.0,3,2,0,0,37900
970,1095,1958,1958,1095,0,1,588,1,264,1,3,6,2,2.0,6,1,0,0,140000
971,1192,1949,1950,720,472,1,720,0,0,0,3,6,4,1.5,4,2,0,0,135000
972,1626,2003,2004,764,862,1,764,1,474,2,4,6,2,2.0,7,2,0,0,173000
973,918,1979,1979,918,0,1,918,1,264,1,3,5,2,2.0,6,1,0,0,99500
974,1428,2007,2008,1428,0,1,1428,1,480,2,4,6,3,2.0,7,1,0,0,182000
975,2019,1910,1993,1136,883,1,728,1,532,2,4,8,3,1.0,7,2,0,0,167500
976,1382,2000,2000,673,709,1,673,1,490,2,4,6,3,3.5,7,2,0,0,165000
977,869,1923,1958,869,0,1,440,0,0,0,2,4,2,1.0,4,1,0,0,85500
978,1241,2006,2007,1241,0,1,1241,1,569,2,4,4,1,2.5,7,1,0,0,199900
979,894,1954,1954,894,0,1,894,1,400,2,3,5,3,1.0,4,1,0,0,110000
980,1121,1963,1963,1121,0,1,1121,1,480,2,3,5,3,2.0,5,1,0,0,139000
981,999,1961,2007,999,0,1,944,1,588,2,5,6,3,2.0,7,1,0,0,178400
982,2612,1998,1999,1276,1336,1,1225,1,676,3,4,8,4,3.5,8,2,0,0,336000
983,1266,2007,2007,1266,0,1,1266,1,388,2,4,6,2,2.0,7,1,0,0,159895
984,2290,2002,2002,1149,1141,1,1128,1,779,2,4,9,4,2.5,8,2,0,0,255900
985,1734,1977,1977,1302,432,0,0,1,539,2,4,8,4,2.0,5,2,0,0,126000
986,1164,1950,1950,1164,0,1,1164,1,240,1,3,5,3,2.0,5,1,0,0,125000
987,1635,1910,2003,1001,634,1,485,1,255,1,4,5,2,1.0,6,2,0,0,117000
988,1940,2009,2010,1940,0,1,1930,1,606,3,5,8,3,3.5,9,1,0,0,395192
989,2030,1976,1976,1118,912,1,848,1,551,2,4,8,4,2.5,6,2,0,0,195000
990,1576,2006,2006,778,798,1,770,1,614,2,4,6,3,2.5,7,2,0,0,197000
991,2392,1997,1998,1407,985,1,1396,1,870,3,4,7,3,3.5,8,2,0,0,348000
992,1742,1882,1986,916,826,1,916,1,424,2,4,8,4,1.5,8,2,0,0,168000
993,1851,1964,1993,1020,831,1,822,1,440,2,4,7,3,2.5,6,2,0,0,187000
994,1500,2005,2006,750,750,1,750,1,564,2,4,6,3,2.5,6,2,0,0,173900
995,1718,2006,2007,1718,0,1,1700,1,786,3,5,7,3,3.0,10,1,0,0,337500
996,1230,1946,1950,774,456,1,747,1,305,1,3,5,3,2.5,4,2,0,0,121600
997,1050,1961,1961,1050,0,1,1050,1,368,1,3,6,3,2.0,5,1,0,0,136500
998,1442,1970,1970,1442,0,1,1442,1,615,2,3,6,2,2.0,6,1,0,0,185000
999,1077,1922,1950,1077,0,1,1007,1,210,1,3,6,3,1.0,3,1,0,0,91000
1000,1208,2006,2006,1208,0,1,1187,1,632,2,4,6,2,3.0,7,1,0,0,206000
1001,944,1952,1952,944,0,0,0,1,528,2,2,4,2,1.0,3,1,0,0,82000
1002,691,1920,1950,691,0,1,691,1,216,1,5,4,2,1.0,5,1,0,0,86000
1003,1574,2006,2006,1574,0,1,1574,1,824,3,4,7,3,2.0,8,1,0,0,232000
1004,1680,1976,1976,1680,0,1,1680,1,528,2,3,8,4,2.0,5,1,0,0,136905
1005,1504,2005,2006,1504,0,1,1346,1,457,2,4,7,1,2.0,7,1,0,0,181000
1006,985,1977,1977,985,0,1,985,1,328,1,3,6,3,2.0,5,1,0,0,149900
1007,1657,1970,1970,1657,0,1,1657,1,484,2,3,7,3,2.5,6,1,0,0,163500
1008,1092,1970,1970,546,546,1,546,1,286,1,3,6,3,1.5,4,2,0,0,88000
1009,1710,2004,2005,1710,0,1,1710,1,550,2,4,7,3,2.0,7,1,0,0,240000
1010,1522,1926,1950,1008,0,1,1008,0,0,0,3,7,4,2.0,5,1,0,0,102000
1011,1271,1948,1950,720,551,1,720,1,312,1,3,7,4,2.0,5,2,0,0,135000
1012,1664,1965,1965,1664,0,0,0,0,0,0,3,8,4,2.0,5,1,0,0,100000
1013,1502,1923,1996,900,602,1,602,1,180,1,4,7,3,1.5,6,2,0,0,165000
1014,1022,1910,2006,1022,0,1,1022,1,280,1,3,4,2,2.0,5,1,0,0,85000
1015,1082,1948,1950,1082,0,1,1082,1,240,1,3,5,2,1.0,6,1,0,0,119200
1016,1665,2001,2001,810,855,1,810,1,528,2,4,6,3,3.5,8,2,0,0,227000
1017,1504,1996,1996,1504,0,1,1504,1,478,2,4,6,3,3.0,7,1,0,0,203000
1018,1360,1984,1984,1360,0,1,1220,1,565,2,4,4,1,2.0,8,1,0,0,187500
1019,1472,1991,1992,802,670,1,384,1,402,2,4,7,3,2.5,7,2,0,0,160000
1020,1506,2005,2005,1506,0,1,1362,1,440,2,4,6,2,2.0,7,1,0,0,213490
1021,1132,2005,2005,1132,0,1,1132,1,451,2,4,5,2,2.5,4,1,0,0,176000
1022,1220,2006,2006,1220,0,1,1199,1,632,2,4,6,2,3.0,7,1,0,0,194000
1023,1248,1930,1950,912,336,1,912,1,160,1,3,6,2,1.0,5,2,0,0,87000
1024,1504,2005,2006,1504,0,1,1346,1,437,2,4,7,2,2.0,7,1,0,0,191000
1025,2898,1976,1976,2898,0,1,1565,1,665,2,4,10,2,3.0,8,1,0,0,287000
1026,882,1972,1972,882,0,1,882,1,461,2,3,5,3,2.0,5,1,0,0,112500
1027,1264,1960,1960,1264,0,1,1268,1,461,2,3,6,3,2.0,5,1,0,0,167500
1028,1646,2007,2008,1646,0,1,1638,1,800,3,4,7,3,3.0,8,1,0,0,293077
1029,1376,1941,1950,968,408,1,768,1,240,1,3,6,3,2.0,5,2,0,0,105000
1030,1218,1972,1972,672,546,1,672,1,264,1,3,7,3,2.0,6,2,0,0,118000
1031,1928,1916,1995,948,980,1,686,0,0,0,3,10,5,2.0,5,2,0,0,160000
1032,3082,1920,1970,1687,998,1,824,1,672,2,3,12,5,3.5,7,2,0,0,197000
1033,2520,1993,1993,1352,1168,1,1338,1,796,3,4,10,5,3.5,8,2,0,0,310000
1034,1654,2002,2002,1654,0,1,1654,1,900,3,4,6,3,3.0,7,1,0,0,230000
1035,954,1938,1950,954,0,1,920,1,240,1,2,5,2,1.0,5,1,0,0,119750
1036,845,1957,1957,845,0,0,0,1,290,1,3,5,3,1.0,4,1,0,0,84000
1037,1620,2007,2008,1620,0,1,1620,1,912,3,5,6,2,3.0,9,1,0,0,315500
1038,2263,2001,2002,1055,1208,1,1055,1,905,2,4,7,3,2.5,8,2,0,0,287000
1039,1344,1970,2008,798,546,1,546,0,0,0,3,6,3,1.5,4,2,0,0,97000
1040,630,1970,1970,630,0,1,630,1,286,1,3,3,1,2.0,4,1,0,0,80000
1041,1803,1957,2000,1803,0,1,1134,1,484,2,3,8,3,3.0,5,1,0,0,155000
1042,1632,1966,2000,800,832,1,800,1,484,2,4,7,4,2.0,6,2,0,0,173000
1043,1306,2005,2005,1306,0,1,1306,1,624,2,4,5,1,3.0,6,1,0,0,196000
1044,2329,1990,1990,1532,797,1,1475,1,514,2,4,10,4,3.5,7,2,0,0,262280
1045,2524,1981,1981,2524,0,1,2524,1,542,2,4,9,4,3.5,8,1,0,0,278000
1046,1733,1955,1955,1733,0,0,0,1,452,2,3,8,4,2.0,3,1,0,0,139600
1047,2868,2005,2006,1992,876,1,1992,1,716,3,5,11,4,3.5,9,2,0,0,556581
1048,990,1994,1995,990,0,1,990,1,672,2,3,5,3,1.5,5,1,0,0,145000
1049,1771,1960,2006,1771,0,0,0,1,336,2,3,9,3,1.0,5,1,0,0,115000
1050,930,1946,2006,930,0,0,0,1,308,1,4,6,2,1.0,4,1,0,0,84900
1051,1302,2007,2007,1302,0,1,1302,1,436,2,4,6,3,2.0,7,1,0,0,176485
1052,1316,2007,2007,1316,0,1,1316,1,440,2,4,6,3,2.0,7,1,0,0,200141
1053,1977,1964,1978,1127,850,1,816,1,540,2,3,9,4,2.0,6,2,0,0,165000
1054,1526,1957,2002,1526,0,1,1216,1,364,1,3,7,4,1.0,5,1,0,0,144500
1055,1989,2002,2002,1091,898,1,1065,1,586,2,4,7,3,3.5,8,2,0,0,255000
1056,1523,1976,1976,1523,0,1,1193,1,478,2,3,7,3,2.5,6,1,0,0,180000
1057,1364,2005,2005,1364,0,1,1364,1,484,2,4,6,2,3.0,7,1,0,0,185850
1058,1850,1994,1994,979,871,1,973,1,467,2,4,7,3,2.5,7,2,0,0,248000
1059,2184,2008,2008,1130,1054,1,1104,1,836,3,5,10,3,3.5,9,2,0,0,335000
1060,1991,1932,1950,1096,895,1,854,1,432,2,3,7,3,1.5,6,2,0,0,220000
1061,1338,2001,2001,1338,0,1,1338,1,582,2,4,6,2,3.0,8,1,0,0,213500
1062,894,1935,1950,894,0,1,894,1,1248,3,3,6,2,1.0,3,1,0,0,81000
1063,2337,1900,1950,1422,915,1,662,1,560,2,3,10,5,2.0,5,2,0,0,90000
1064,1103,1925,1980,1103,0,1,1103,1,440,2,4,5,2,1.0,6,1,0,0,110500
1065,1154,1966,1966,1154,0,1,1154,1,480,2,3,6,3,1.5,5,1,0,0,154000
1066,2260,1996,1997,1306,954,1,1306,1,533,2,4,7,3,3.5,7,2,0,0,328000
1067,1571,1993,1994,799,772,1,799,1,380,2,3,7,3,2.5,6,2,0,0,178000
1068,1611,1964,1964,798,813,1,780,1,442,2,3,7,4,2.5,6,2,0,0,167900
1069,2521,1973,1973,1291,1230,1,942,1,576,2,3,10,5,3.5,6,2,0,0,151400
1070,893,1949,2003,893,0,1,845,1,576,2,4,4,2,1.5,5,1,0,0,135000
1071,1048,1956,1956,1048,0,1,1048,1,286,1,3,6,3,2.0,5,1,0,0,135000
1072,1556,1968,1968,829,727,1,727,1,441,2,3,8,4,1.5,6,2,0,0,154000
1073,1456,1948,1950,1002,454,1,810,1,280,1,3,7,4,2.5,5,2,0,0,91500
1074,1426,1977,1977,698,728,1,690,1,440,2,3,6,3,1.5,6,2,0,0,159500
1075,1240,2006,2006,1240,0,1,1240,1,826,3,4,5,2,2.0,7,1,0,0,194000
1076,1740,1940,1984,960,780,1,800,1,240,1,3,6,3,1.5,7,2,0,0,219500
1077,1466,1936,1989,1096,370,1,796,1,566,2,4,7,3,2.5,5,2,0,0,170000
1078,1096,1969,1969,1096,0,1,1096,1,299,1,3,6,3,2.0,5,1,0,0,138800
1079,848,2004,2004,848,0,1,848,1,420,2,4,3,1,2.0,6,1,0,0,155900
1080,990,1994,1994,990,0,1,990,1,299,1,3,5,3,1.0,5,1,0,0,126000
1081,1258,1971,2004,1258,0,1,1258,1,528,2,4,5,3,2.5,6,1,0,0,145000
1082,1040,1963,1963,1040,0,1,1040,1,308,1,3,5,3,2.5,5,1,0,0,133000
1083,1459,2002,2002,1459,0,1,1459,1,527,2,4,6,3,2.0,7,1,0,0,192000
1084,1251,1964,1964,1251,0,1,1251,1,461,1,3,6,3,2.0,6,1,0,0,160000
1085,1498,1995,1996,691,807,1,691,1,409,2,3,6,3,2.5,6,2,0,0,187500
1086,996,1992,1992,996,0,1,936,1,564,2,4,5,2,2.0,6,1,0,0,147000
1087,1092,1973,1973,546,546,1,546,1,286,1,3,6,3,1.5,4,2,0,0,83500
1088,1953,2005,2006,1082,871,1,1082,1,1043,3,4,9,3,2.5,8,2,0,0,252000
1089,1709,2004,2004,970,739,1,970,1,380,2,4,7,3,2.0,7,2,0,0,137500
1090,1247,2005,2005,1247,0,1,1247,1,550,2,4,4,1,2.5,8,1,0,0,197000
1091,1040,1950,1950,1040,0,0,0,1,400,2,3,6,2,2.0,3,1,0,0,92900
1092,1252,1999,2000,624,628,1,600,1,462,2,4,4,2,3.5,7,2,0,0,160000
1093,1694,1925,1950,1390,304,1,1181,1,576,2,3,7,4,2.0,6,2,0,0,136500
1094,1200,1965,1998,1200,0,1,864,1,884,2,4,6,1,2.5,5,1,0,0,146000
1095,936,1956,2000,936,0,1,936,1,308,1,3,4,2,2.0,5,1,0,0,129000
1096,1314,2006,2006,1314,0,1,1314,1,440,2,4,6,3,2.0,6,1,0,0,176432
1097,1355,1914,2006,773,582,1,684,0,0,0,4,7,3,1.5,6,2,0,0,127000
1098,1088,1986,1986,1088,0,1,1074,1,461,2,4,5,2,1.5,8,1,0,0,170000
1099,1324,1936,1950,757,567,1,672,1,240,1,3,6,3,1.0,4,2,0,0,128000
1100,1601,1978,1978,1601,0,1,1271,1,478,2,3,7,3,2.0,7,1,0,0,157000
1101,438,1920,1950,438,0,1,290,1,246,1,2,3,1,1.0,2,1,0,0,60000
1102,950,1971,1971,950,0,1,950,1,280,1,3,5,3,1.0,5,1,0,0,119500
1103,1134,1960,2002,1134,0,1,1010,1,254,1,3,6,2,1.0,5,1,0,0,135000
1104,1194,1959,1959,1194,0,1,655,1,539,2,3,6,3,1.5,6,1,0,0,159500
1105,1302,1970,1970,630,672,1,630,1,440,2,3,6,3,2.5,5,2,0,0,106000
1106,2622,1994,1995,1500,1122,1,1463,1,712,2,4,9,3,3.5,8,2,0,0,325000
1107,1442,1990,1991,1442,0,1,910,1,719,2,4,6,3,3.0,7,1,0,0,179900
1108,2021,2006,2006,887,1134,1,868,1,422,2,4,9,3,2.5,7,2,0,0,274725
1109,1690,2000,2000,948,742,1,924,1,463,2,3,7,3,2.5,6,2,0,0,181000
1110,1836,2004,2005,1836,0,1,1836,1,862,3,4,7,3,3.0,8,1,0,0,280000
1111,1658,1995,1996,773,885,1,773,1,431,2,3,8,3,3.5,6,2,0,0,188000
1112,1964,1976,1976,1098,866,1,803,1,483,2,3,8,4,2.5,7,2,0,0,205000
1113,816,1957,1957,816,0,1,816,1,308,1,3,5,2,2.0,5,1,0,0,129900
1114,1008,1953,2006,1008,0,1,1008,1,240,1,4,6,2,2.0,5,1,0,0,134500
1115,833,1954,2000,833,0,1,833,1,326,1,4,4,2,1.0,5,1,0,0,117000
1116,1734,2007,2007,1734,0,1,1734,1,928,3,5,7,3,3.0,8,1,0,0,318000
1117,1419,2002,2002,779,640,1,408,1,527,2,4,7,3,3.5,8,2,0,0,184100
1118,894,1967,2003,894,0,1,894,1,450,2,4,5,3,2.0,5,1,0,0,130000
1119,1601,1958,1987,1021,580,1,533,1,300,1,3,6,3,1.5,5,2,0,0,140000
1120,1040,1959,1959,1040,0,1,1040,1,286,1,3,6,3,1.0,5,1,0,0,133700
1121,1012,1920,1950,1012,0,1,1012,1,308,1,3,6,2,1.0,6,1,0,0,118400
1122,1552,2005,2006,1552,0,1,1552,1,782,3,4,7,3,2.0,7,1,0,0,212900
1123,960,1956,1956,960,0,1,672,1,288,1,3,5,3,1.0,4,1,0,0,112000
1124,698,1947,2008,698,0,1,698,0,0,0,3,4,2,1.5,5,1,0,0,118000
1125,1482,1992,1992,812,670,1,384,1,392,2,4,7,3,2.5,7,2,0,0,163900
1126,1005,1955,1955,1005,0,1,1005,1,672,2,2,5,2,1.0,4,1,0,0,115000
1127,1555,2007,2007,1555,0,1,1373,1,660,3,4,7,2,2.0,7,1,0,0,174000
1128,1530,2004,2004,1530,0,1,1530,1,630,3,4,7,3,3.0,7,1,0,0,259000
1129,1959,2004,2005,847,1112,1,847,1,434,2,4,8,4,2.5,7,2,0,0,215000
1130,936,1980,1980,936,0,1,936,1,672,2,3,4,2,2.0,5,1,0,0,140000
1131,1981,1928,1950,1328,653,1,1122,1,576,2,4,7,4,3.0,4,2,0,0,135000
1132,974,1991,1992,974,0,1,974,0,0,0,3,5,3,1.0,5,1,0,0,93500
1133,2210,1880,1950,1178,1032,1,1008,1,205,1,2,8,5,2.0,6,2,0,0,117500
1134,2020,1995,1995,1142,878,1,1128,1,466,2,4,8,3,2.5,8,2,0,0,239500
1135,1600,1997,1997,916,684,1,916,1,460,2,3,7,3,2.5,6,2,0,0,169000
1136,986,1926,1950,986,0,1,960,1,180,1,3,5,2,1.0,6,1,0,0,102000
1137,1252,1950,1950,1032,220,1,1032,1,288,1,3,6,3,1.0,6,2,0,0,119000
1138,1020,1875,1996,780,240,1,780,0,0,0,3,6,2,1.0,5,2,0,0,94000
1139,1567,1977,1977,1567,0,1,1567,1,714,2,4,5,2,3.0,6,1,0,0,196000
1140,1167,1920,1950,1167,0,1,915,1,495,2,3,6,3,1.0,5,1,0,0,144000
1141,952,1951,1951,952,0,1,952,1,840,2,3,4,2,2.0,5,1,0,0,139000
1142,1868,1976,1976,1088,780,1,780,1,484,2,4,9,4,3.5,5,2,0,0,197500
1143,2828,2006,2007,1466,1362,1,1466,1,1052,3,4,11,4,4.0,8,2,0,0,424870
1144,1006,1959,1959,1006,0,1,1006,0,0,0,3,5,3,1.0,5,1,0,0,80000
1145,924,1941,1950,672,252,1,672,1,280,1,2,5,2,2.0,4,2,0,0,80000
1146,1576,1928,1950,1042,534,1,1042,1,225,1,3,8,3,1.0,5,2,0,0,149000
1147,1298,1985,1985,1298,0,1,1298,1,403,2,4,5,3,3.0,6,1,0,0,180000
1148,1564,1941,1950,860,704,1,704,1,234,1,2,7,3,1.5,7,2,0,0,174500
1149,1111,1926,1950,572,539,1,572,1,288,1,3,5,2,1.0,7,2,0,0,116900
1150,1482,1920,1988,832,650,1,650,1,324,2,3,7,3,1.5,7,2,0,0,143000
1151,932,1950,1950,932,0,1,932,1,306,1,4,4,2,1.0,6,1,0,0,124000
1152,1466,1959,1959,1466,0,1,1466,1,528,2,2,6,3,1.5,5,1,0,0,149900
1153,1811,1956,2004,1811,0,1,1073,1,470,2,5,6,2,1.0,6,1,0,0,230000
1154,816,1930,2007,816,0,1,816,1,432,1,3,5,2,1.0,6,1,0,0,120500
1155,1820,1965,1988,902,918,1,864,1,492,2,4,8,4,2.0,7,2,0,0,201800
1156,1437,1976,2004,1437,0,1,1437,1,528,2,4,6,3,3.0,5,1,0,0,218000
1157,1265,1965,1999,1265,0,1,1219,1,502,2,4,6,3,2.5,5,1,0,0,179900
1158,1314,2007,2008,1314,0,1,1314,1,626,2,4,6,2,3.0,7,1,0,0,230000
1159,1580,2007,2008,1580,0,1,1580,1,830,3,4,7,3,2.0,8,1,0,0,235128
1160,1876,1974,1974,943,933,1,901,1,540,2,4,8,4,2.5,6,2,0,0,185000
1161,1456,1978,1978,855,601,1,855,1,440,2,3,7,3,2.5,6,2,0,0,146000
1162,1640,1954,2006,1640,0,1,1296,1,924,2,4,7,3,2.0,6,1,0,0,224000
1163,894,1968,1968,894,0,1,894,1,450,2,3,5,3,1.0,5,1,0,0,129000
1164,1258,1969,1969,1258,0,1,1198,1,400,2,3,6,0,3.0,4,1,0,0,108959
1165,1432,1978,1978,1432,0,1,1360,1,588,2,4,5,2,2.5,5,1,0,0,194000
1166,1502,2009,2009,1502,0,1,1502,1,644,2,4,7,3,2.0,7,1,0,0,233170
1167,1694,2008,2008,1694,0,1,1694,1,776,3,4,7,3,2.0,8,1,0,0,245350
1168,1671,2000,2000,959,712,1,959,1,472,2,3,7,3,3.5,6,2,0,0,173000
1169,2108,1935,1986,1236,872,1,1127,1,540,2,4,7,4,2.0,6,2,0,0,235000
1170,3627,1995,1996,1831,1796,1,1930,1,807,3,4,10,4,4.5,10,2,0,0,625000
1171,1118,1977,1977,1118,0,1,1096,1,358,1,3,6,3,2.0,6,1,3,1,171000
1172,1261,1958,1958,1261,0,1,1261,1,433,2,3,6,3,2.0,6,1,0,0,163000
1173,1250,2006,2007,625,625,1,625,1,625,2,4,5,2,2.5,7,2,0,0,171900
1174,3086,1946,1994,1636,971,1,1598,0,0,0,5,12,3,3.0,5,2,0,0,200500
1175,2345,1932,1950,1170,1175,1,952,1,360,2,3,9,4,2.5,6,2,0,0,239000
1176,2872,1992,2000,2129,743,1,1683,1,541,2,4,9,4,2.5,8,2,0,0,285000
1177,923,1984,1985,923,0,1,876,1,264,1,3,5,3,2.0,5,1,0,0,119500
1178,1224,1926,2004,818,406,1,818,1,210,1,3,5,3,1.0,6,2,0,0,115000
1179,1343,1921,1950,820,523,1,731,1,186,1,3,7,3,1.5,5,2,0,0,154900
1180,1124,1954,1954,1124,0,0,0,0,0,0,3,5,3,1.0,5,1,0,0,93000
1181,2514,1990,1991,1298,1216,1,1216,1,693,2,3,8,4,2.5,7,2,0,0,250000
1182,1652,2008,2008,1652,0,1,1600,1,482,2,4,5,2,3.5,8,1,0,0,392500
1183,4476,1996,1996,2411,2065,1,2396,1,813,3,5,10,4,4.5,10,2,4,1,745000
1184,1130,1920,1950,1130,0,1,1120,1,720,2,3,5,2,2.0,5,1,0,0,120000
1185,1572,1963,1963,1572,0,1,1572,1,995,3,3,5,3,2.5,5,1,0,0,186700
1186,1221,1924,1950,949,272,1,784,1,392,1,3,7,4,2.0,5,2,0,0,104900
1187,1699,1900,1970,1014,685,1,978,1,420,2,3,7,3,3.0,3,2,0,0,95000
1188,1624,1994,1995,1624,0,1,1624,1,757,3,4,5,2,3.0,8,1,0,0,262000
1189,1660,2002,2002,831,829,1,831,1,493,2,4,7,3,2.5,7,2,0,0,195000
1190,1804,1999,1999,1028,776,1,994,1,442,2,4,7,3,2.5,7,2,0,0,189000
1191,1622,1961,1975,1622,0,1,1249,1,1356,4,3,7,3,2.0,4,1,0,0,168000
1192,1441,1999,2000,764,677,1,776,1,492,2,4,5,2,2.5,8,2,0,0,174000
1193,1472,1925,1994,842,630,1,702,1,250,1,4,6,3,1.0,5,2,0,0,125000
1194,1224,1999,1999,1224,0,1,1224,1,402,2,3,5,2,3.0,6,1,0,0,165000
1195,1352,1969,1969,663,689,1,663,1,299,1,3,7,4,1.5,6,2,0,0,158000
1196,1456,2005,2005,728,728,1,728,1,400,2,4,8,3,2.5,6,2,0,0,176000
1197,1863,2006,2006,879,984,1,879,1,660,3,4,9,4,2.5,7,2,0,0,219210
1198,1690,1916,1950,815,875,1,815,1,225,1,3,7,3,1.0,7,2,0,0,144000
1199,1212,2001,2001,1212,0,1,1212,1,573,2,4,6,3,2.0,7,1,0,0,178000
1200,1382,1963,1979,1382,0,1,1051,1,459,2,3,6,3,1.5,4,1,0,0,148000
1201,864,1970,1970,864,0,1,864,1,280,1,3,5,3,1.0,4,1,0,0,116050
1202,1779,1998,1998,866,913,1,866,1,546,2,4,6,3,2.5,7,2,0,0,197900
1203,1348,1925,1997,884,464,1,884,1,216,1,3,5,3,2.0,5,2,0,0,117000
1204,1630,2000,2001,1630,0,1,1630,1,451,2,4,6,3,2.0,7,1,0,0,213000
1205,1074,1975,1975,1074,0,1,1056,1,495,2,3,6,3,2.5,5,1,0,0,153500
1206,2196,1990,1991,2196,0,1,2158,1,701,3,4,7,3,2.0,7,1,0,0,271900
1207,1056,1966,1966,1056,0,1,1056,1,384,1,3,5,2,2.0,4,1,0,0,107000
1208,1700,2003,2003,1700,0,1,1682,1,544,2,4,7,3,3.0,6,1,0,0,200000
1209,1283,1962,1980,1283,0,1,931,1,506,2,3,6,3,2.0,5,1,0,0,140000
1210,1660,2006,2006,1660,0,1,1660,1,500,2,4,8,3,3.0,8,1,0,0,290000
1211,1845,1992,1992,1055,790,1,1055,1,462,2,4,8,3,2.5,6,2,0,0,189000
1212,1752,1988,2005,1080,672,1,559,1,492,2,3,8,4,2.0,8,2,0,0,164000
1213,672,1941,1950,672,0,1,672,1,234,1,3,4,2,2.0,4,1,0,0,113000
1214,960,1965,2001,960,0,1,648,1,364,1,3,3,0,1.5,4,1,0,0,145000
1215,999,1962,1962,999,0,1,925,1,300,1,3,6,3,2.0,5,1,0,0,134500
1216,894,1966,1966,894,0,1,894,1,384,1,3,5,3,1.0,5,1,0,0,125000
1217,1902,1978,1978,1318,584,0,0,1,539,2,3,8,4,2.0,6,2,0,0,112000
1218,1314,2009,2009,1314,0,1,1300,1,552,2,4,6,3,3.0,8,1,0,0,229456
1219,912,1947,1950,672,240,0,0,0,0,0,3,3,2,1.0,4,2,0,0,80500
1220,1218,1971,1971,672,546,1,672,0,0,0,3,7,3,1.5,6,2,0,0,91500
1221,912,1964,1964,912,0,1,912,1,288,1,3,5,2,1.0,5,1,0,0,115000
1222,1211,1968,1968,1211,0,1,952,1,322,1,3,5,3,1.0,5,1,0,0,134000
1223,1846,1949,1950,1168,678,1,1040,1,315,1,3,7,3,2.0,6,2,0,0,143000
1224,2136,1951,1951,2136,0,1,2136,1,528,2,3,7,4,2.0,5,1,0,0,137900
1225,1490,2004,2005,788,702,1,788,1,388,2,4,8,3,3.5,7,2,0,0,184000
1226,1138,1958,1958,1138,0,1,588,1,264,1,3,6,3,1.5,6,1,0,0,145000
1227,1933,2007,2007,894,1039,1,894,1,668,3,4,9,4,2.5,6,2,0,0,214000
1228,912,1965,2008,912,0,1,912,1,576,2,4,5,2,2.0,5,1,0,0,147000
1229,1702,2008,2008,1702,0,1,1702,1,1052,3,5,7,1,2.5,9,1,0,0,367294
1230,1507,1960,1960,1507,0,1,1075,1,404,1,3,7,4,2.0,5,1,0,0,127000
1231,2620,1977,1977,1361,1259,1,1361,1,600,2,3,12,4,3.0,5,2,0,0,190000
1232,1190,1962,1962,1190,0,1,1106,1,540,2,3,6,3,2.0,5,1,0,0,132500
1233,1224,1962,1962,1224,0,0,0,1,462,2,3,6,2,2.0,4,1,0,0,101800
1234,1188,1959,1959,1188,0,1,1188,1,531,2,3,6,3,2.0,5,1,0,0,142000
1235,1964,1911,1950,1024,940,1,940,0,0,0,3,7,4,1.5,5,2,0,0,130000
1236,1784,1914,1950,892,892,1,747,1,180,1,3,9,4,1.5,5,2,0,0,138887
1237,1626,2003,2003,764,862,1,764,1,474,2,4,6,2,2.5,7,2,0,0,175500
1238,1948,2004,2005,847,1101,1,847,1,434,2,4,8,4,2.5,7,2,0,0,195000
1239,1141,2005,2005,1141,0,1,1141,1,484,2,3,6,3,1.5,6,1,0,0,142500
1240,1484,2006,2006,1484,0,1,1476,1,472,2,5,6,2,2.0,8,1,0,0,265900
1241,1768,2003,2003,884,884,1,884,1,543,2,4,8,3,3.5,7,2,0,0,224900
1242,1689,2007,2007,1689,0,1,1689,1,954,3,4,7,3,2.0,7,1,0,0,248328
1243,1173,1974,1974,1173,0,1,1053,1,528,2,4,6,3,3.0,7,1,0,0,170000
1244,2076,2006,2006,2076,0,1,2076,1,850,3,5,7,2,3.5,10,1,0,0,465000
1245,1517,1929,1950,792,725,1,792,1,400,2,4,7,3,1.0,8,2,0,0,230000
1246,1868,1984,2003,1140,728,1,585,1,477,2,3,7,3,3.5,6,2,0,0,178000
1247,1553,2005,2006,756,797,1,756,1,615,2,4,6,3,2.5,7,2,0,0,186500
1248,1034,1976,1976,1034,0,1,1012,1,888,3,3,6,3,2.0,6,1,0,0,169900
1249,2058,1917,1950,1134,924,1,735,1,396,2,3,8,3,1.5,6,2,0,0,129500
1250,988,1950,1950,988,0,1,876,1,276,1,3,6,3,1.0,5,1,0,0,119000
1251,2110,1968,1968,2110,0,1,2110,1,522,2,5,8,3,3.5,7,1,0,0,244000
1252,1405,2003,2003,1405,0,1,1405,1,478,2,4,6,2,2.0,7,1,0,0,171750
1253,874,1968,1968,874,0,1,864,1,288,1,3,5,3,2.0,5,1,0,0,130000
1254,2167,1974,2003,1516,651,1,1192,1,518,2,4,9,3,3.5,7,2,0,0,294000
1255,1656,2003,2004,760,896,1,746,1,397,2,4,7,3,2.5,7,2,0,0,165400
1256,1367,1931,1950,959,408,1,884,1,560,1,3,6,3,1.0,6,2,0,0,127500
1257,1987,1994,1994,1987,0,1,1986,1,691,2,4,7,2,3.0,8,1,0,0,301500
1258,864,1922,1950,864,0,1,864,0,0,0,3,4,2,1.0,5,1,0,0,99900
1259,1166,2005,2005,1166,0,1,856,1,400,2,4,5,2,3.0,7,1,0,0,190000
1260,1054,1969,1969,1054,0,1,1054,1,460,2,3,6,3,2.5,6,1,0,0,151000
1261,1675,1999,1999,892,783,1,841,1,502,2,3,7,3,2.5,6,2,0,0,181000
1262,1050,1956,1956,1050,0,1,1050,1,338,1,3,5,2,1.0,5,1,0,0,128900
1263,1788,1957,1989,1104,684,1,1104,1,304,1,3,8,5,2.0,4,2,0,0,161500
1264,1824,1919,1950,1060,764,1,764,1,520,2,3,8,3,1.0,6,2,0,0,180500
1265,1337,1998,1999,1337,0,1,1405,1,511,2,4,5,2,3.0,6,1,0,0,181000
1266,1452,1999,1999,713,739,1,691,1,506,2,4,6,3,3.5,7,2,0,0,183900
1267,1889,1910,1950,964,925,1,925,1,308,1,3,9,4,1.5,7,2,0,0,122000
1268,2018,2008,2009,2018,0,1,2002,1,746,3,5,10,3,2.0,9,1,0,0,378500
1269,3447,1935,1997,1968,1479,1,728,1,1014,3,4,11,4,3.5,8,2,0,0,381000
1270,1524,1958,1958,874,650,1,874,1,315,1,3,7,3,1.5,5,2,0,0,144000
1271,1524,1979,1979,1332,192,1,1332,1,586,2,4,4,0,2.5,7,2,0,0,260000
1272,1489,1968,1968,1489,0,1,1489,1,462,2,4,7,3,2.0,6,1,0,0,185750
1273,935,1965,1965,935,0,1,935,1,288,1,3,5,3,2.0,5,1,0,0,137000
1274,1357,1959,2006,1357,0,1,1019,1,312,1,5,5,2,2.0,6,1,0,0,177000
1275,1250,1910,2003,661,589,1,661,1,552,2,3,8,3,2.0,5,2,0,0,139000
1276,1920,1948,1950,928,992,1,928,1,400,2,3,10,4,2.0,5,2,0,0,137000
1277,1395,1972,1972,735,660,1,723,1,497,2,3,6,3,2.0,6,2,0,0,162000
1278,1724,1967,1976,1724,0,1,1680,1,480,2,3,7,3,2.5,6,1,0,0,197900
1279,2031,2002,2002,1128,903,1,1128,1,577,2,4,7,3,3.5,8,2,0,0,237000
1280,1128,1920,1950,698,430,1,698,1,528,2,3,6,2,1.0,4,2,0,0,68400
1281,1573,2002,2002,1573,0,1,1573,1,544,2,4,6,3,3.0,7,1,0,0,227000
1282,1339,1990,1990,1339,0,1,1309,1,484,2,3,6,2,3.0,7,1,0,0,180000
1283,1040,1977,2008,1040,0,1,1040,1,484,2,4,5,3,2.0,5,1,0,0,150500
1284,1824,1971,1971,912,912,1,912,0,0,0,3,8,4,3.0,6,2,0,0,139000
1285,2447,1919,1990,1699,748,1,804,1,336,1,4,10,4,2.0,6,2,0,0,169000
1286,1412,1939,1950,825,587,1,780,1,280,1,3,6,4,1.0,6,2,0,0,132500
1287,1328,1963,1963,1328,0,1,1328,1,528,2,3,6,3,2.5,6,1,0,0,143000
1288,1582,1964,1964,1582,0,1,1624,1,390,2,3,7,4,2.5,5,1,0,0,190000
1289,1659,2000,2000,1659,0,1,1501,1,499,2,5,5,2,3.0,8,1,0,0,278000
1290,1970,2006,2006,1120,850,1,1085,1,753,3,5,8,3,2.5,8,2,0,0,281000
1291,1152,1964,1964,1152,0,1,1152,1,484,2,3,6,3,2.0,5,1,0,0,180500
1292,1302,1972,1972,630,672,1,630,1,264,1,3,6,3,2.5,5,2,0,0,119500
1293,2372,1892,1965,1378,994,1,994,1,432,1,3,11,4,2.0,5,2,0,0,107500
1294,1664,1976,1976,832,832,1,832,1,528,2,3,8,4,2.5,7,2,0,0,162900
1295,864,1955,1990,864,0,1,864,1,572,2,3,5,2,2.0,5,1,0,0,115000
1296,1052,1968,1968,1052,0,1,1052,1,288,1,3,5,3,2.5,5,1,0,0,138500
1297,1128,1963,1963,1128,0,1,1120,1,525,2,3,6,3,3.0,5,1,0,0,155000
1298,1072,2005,2006,1072,0,1,547,1,525,2,3,5,2,3.0,6,1,0,0,140000
1299,5642,2008,2008,4692,950,1,6110,1,1418,2,5,12,3,4.5,10,2,3,1,160000
1300,1246,1959,1994,1246,0,1,1246,1,305,1,4,6,3,2.5,5,1,0,0,154000
1301,1983,1999,1999,1005,978,1,978,1,490,2,4,9,3,2.5,7,2,0,0,225000
1302,1494,1942,1950,753,741,1,771,1,213,1,4,7,3,1.0,6,2,0,0,177500
1303,2526,1994,1994,1203,1323,1,1165,1,844,3,4,8,4,3.5,8,2,0,0,290000
1304,1616,2005,2005,1616,0,1,1616,1,834,3,4,7,3,2.0,7,1,0,0,232000
1305,1708,2004,2004,976,732,1,976,1,380,2,4,7,3,2.0,7,2,0,0,130000
1306,1652,2006,2007,1652,0,1,1652,1,840,2,5,6,2,3.0,9,1,0,0,325000
1307,1368,2005,2006,1368,0,1,1368,1,474,2,4,6,2,2.0,7,1,0,0,202500
1308,990,1994,1995,990,0,1,990,1,480,2,3,5,3,2.0,5,1,0,0,138000
1309,1122,1948,2005,1122,0,1,924,1,528,2,4,6,2,2.0,5,1,0,0,147000
1310,1294,1991,1991,1294,0,1,1278,1,496,2,4,6,3,3.0,6,1,0,0,179200
1311,1902,1959,2002,1902,0,1,1902,1,567,2,5,7,3,3.0,7,1,0,0,335000
1312,1274,2005,2007,1274,0,1,1274,1,508,2,4,6,3,3.0,7,1,0,0,203000
1313,2810,1990,1990,1453,1357,1,1453,1,750,2,4,9,4,2.5,8,2,0,0,302000
1314,2599,1999,1999,1422,1177,1,1393,1,779,3,4,10,4,2.5,9,2,0,0,333168
1315,948,1954,1954,948,0,1,948,1,280,1,3,5,3,2.0,4,1,0,0,119000
1316,2112,1969,1969,1092,1020,1,952,1,576,2,3,9,4,2.5,6,2,0,0,206900
1317,1630,2008,2008,1630,0,1,1622,1,860,3,5,8,3,3.0,8,1,0,0,295493
1318,1352,2006,2007,1352,0,1,1352,1,466,2,4,5,2,2.0,7,1,0,0,208900
1319,1787,2001,2002,1787,0,1,1753,1,748,3,4,7,3,2.0,8,1,0,0,275000
1320,948,1954,1954,948,0,1,864,1,248,1,3,5,3,1.0,4,1,0,0,111000
1321,1478,1957,1957,1478,0,1,1478,1,442,2,3,6,3,2.5,6,1,0,0,156500
1322,720,1949,1950,720,0,0,0,1,287,1,3,4,2,1.0,3,1,0,0,72500
1323,1923,1992,1992,1061,862,1,750,1,564,2,4,8,3,3.5,7,2,0,0,190000
1324,708,1940,1950,708,0,1,420,0,0,0,2,5,2,1.0,4,1,0,0,82500
1325,1795,2006,2007,1795,0,1,1795,1,895,3,4,7,2,2.0,8,1,0,0,147000
1326,796,1922,1950,796,0,1,796,0,0,0,3,5,2,1.0,4,1,0,0,55000
1327,774,1931,2006,774,0,1,544,0,0,0,4,6,3,1.0,3,1,0,0,79000
1328,816,1982,2008,816,0,1,816,1,264,1,4,5,3,1.5,5,1,0,0,130500
1329,2792,1920,1950,1584,1208,1,1510,1,520,2,3,8,5,2.0,6,2,0,0,256000
1330,1632,1998,1998,955,677,1,935,1,462,2,3,8,3,2.5,7,2,0,0,176500
1331,1588,2006,2006,1588,0,1,1588,1,825,3,4,7,3,2.0,8,1,0,0,227000
1332,954,1976,1976,954,0,1,911,1,576,2,3,6,3,1.0,5,1,0,0,132500
1333,816,1938,1958,816,0,1,816,1,288,1,3,3,2,2.0,4,1,0,0,100000
1334,1360,1938,1995,803,557,1,803,1,297,1,4,6,2,1.5,5,2,0,0,125500
1335,1365,1970,1970,765,600,1,765,1,440,2,3,7,3,1.5,5,2,0,0,125000
1336,1334,1977,1977,1334,0,1,1350,1,630,2,3,6,2,2.5,6,1,0,0,167900
1337,1656,1973,1973,1656,0,1,1656,1,506,2,3,8,4,2.0,5,1,0,0,135000
1338,693,1941,1950,693,0,1,693,0,0,0,2,4,2,1.0,4,1,0,0,52500
1339,1861,2002,2002,920,941,1,916,1,492,2,4,8,3,3.5,7,2,0,0,200000
1340,864,1972,1972,864,0,1,864,1,288,1,3,5,3,1.0,5,1,0,0,128500
1341,872,1971,1971,872,0,1,858,1,480,4,3,5,3,1.0,4,1,0,0,123000
1342,1114,2003,2004,1114,0,1,1114,1,576,2,4,6,3,2.0,6,1,0,0,155000
1343,2169,2002,2002,1284,885,1,1284,1,647,2,4,7,3,2.5,8,2,0,0,228500
1344,1913,1928,1950,1172,741,1,896,1,342,2,3,9,3,1.5,6,2,0,0,177000
1345,1456,2006,2006,728,728,1,728,1,440,2,4,8,3,2.5,7,2,0,0,155835
1346,960,1920,1950,960,0,1,960,1,308,1,2,5,2,1.0,4,1,0,0,108500
1347,2156,1968,2003,2156,0,1,1568,1,508,2,3,9,3,2.0,7,1,0,0,262500
1348,1776,2006,2007,1776,0,1,1732,1,712,3,4,7,3,3.0,8,1,0,0,283463
1349,1494,1998,1998,1494,0,1,1482,1,514,2,4,5,3,3.0,7,1,0,0,215000
1350,2358,1872,1987,938,1215,1,684,0,0,0,3,8,4,2.0,8,2,0,0,122000
1351,2634,1969,1969,1338,1296,1,1248,1,968,4,3,12,6,4.5,5,2,0,0,200000
1352,1716,1962,1962,858,858,1,858,1,490,2,3,8,4,1.5,6,2,0,0,171000
1353,1176,1937,2000,786,390,1,698,1,624,2,3,4,2,1.0,6,2,0,0,134900
1354,3238,1995,1996,2053,1185,1,2033,1,666,3,4,9,4,3.5,8,2,0,0,410000
1355,1865,2000,2000,992,873,1,992,1,839,3,4,7,3,3.5,7,2,0,0,235000
1356,1920,1968,1992,1222,698,1,570,1,487,2,4,8,4,3.0,7,2,0,0,170000
1357,892,1966,1966,892,0,1,864,1,264,1,3,5,3,1.0,5,1,0,0,110000
1358,1078,1971,2008,1078,0,1,1078,1,500,2,3,6,3,2.5,5,1,0,0,149900
1359,1573,2000,2000,769,804,1,756,1,440,2,4,5,3,2.5,6,2,0,0,177500
1360,1980,2004,2005,1980,0,1,1980,1,770,3,5,8,3,3.0,9,1,0,0,315000
1361,2601,1921,1998,990,1611,1,612,1,621,2,3,8,4,3.5,5,2,0,0,189000
1362,1530,2005,2005,1530,0,1,1530,1,430,2,4,7,3,3.0,7,1,0,0,260000
1363,1738,1920,2007,1281,457,1,715,1,368,1,3,7,4,2.0,4,2,0,0,104900
1364,1412,2006,2007,616,796,1,616,1,432,2,4,6,3,2.5,6,2,0,0,156932
1365,1200,2005,2005,520,600,1,600,1,480,2,4,4,2,2.5,7,2,0,0,144152
1366,1674,2000,2000,814,860,1,814,1,663,2,4,7,3,3.5,7,2,0,0,216000
1367,1790,1999,1999,882,908,1,873,1,588,2,4,7,3,3.5,7,2,0,0,193000
1368,1475,1977,1977,925,550,1,757,1,336,1,3,6,4,2.0,5,2,0,0,127000
1369,848,2003,2004,848,0,1,848,1,420,2,4,4,1,2.0,6,1,0,0,144000
1370,1668,2003,2003,1668,0,1,1657,1,502,2,4,8,3,3.0,8,1,0,0,232000
1371,1374,1920,1950,840,534,1,840,1,338,1,3,6,2,1.0,4,2,0,0,105000
1372,1661,1955,1996,1661,0,1,992,1,377,1,4,8,3,2.0,6,1,0,0,165500
1373,2097,1998,1998,1108,989,1,1108,1,583,2,4,8,3,3.5,7,2,0,0,274300
1374,2633,2001,2002,2633,0,1,2633,1,804,3,5,8,2,3.5,10,1,0,0,466500
1375,1958,2005,2005,1026,932,1,1026,1,936,3,4,9,3,2.5,7,2,0,0,250000
1376,1571,2007,2007,1571,0,1,1571,1,722,3,4,7,3,2.0,8,1,0,0,239000
1377,790,1930,1950,790,0,1,768,1,160,1,3,4,2,1.0,6,1,0,0,91000
1378,1604,1941,1960,984,620,1,984,1,660,2,3,6,3,2.0,5,2,0,0,117000
1379,987,1973,1973,483,504,1,483,1,264,1,3,5,2,1.5,6,2,0,0,83000
1380,1394,2006,2007,754,640,1,384,1,400,2,4,7,3,2.5,5,2,0,0,167500
1381,864,1914,1950,864,0,1,864,1,200,1,3,5,2,2.0,3,1,0,0,58500
1382,2117,1970,1970,2117,0,1,1205,1,550,2,3,7,4,2.5,6,1,0,0,237500
1383,1762,1920,1950,998,764,1,596,1,576,2,4,8,4,2.5,7,2,0,0,157000
1384,1416,1918,2007,1416,0,1,816,1,576,2,4,7,3,2.0,5,1,0,0,112000
1385,1258,1939,1950,698,560,1,560,1,280,1,3,6,2,1.0,6,2,0,0,105000
1386,1154,1922,2007,796,358,1,796,1,240,1,4,7,3,2.0,4,2,0,0,125500
1387,2784,1978,1978,1392,1392,1,1392,1,564,2,4,12,5,4.5,7,2,1,1,250000
1388,2526,1916,1950,1664,862,1,714,1,216,1,4,10,5,2.0,6,2,0,0,136000
1389,1746,2006,2007,1746,0,1,1746,1,758,3,5,7,3,3.0,9,1,0,0,377500
1390,1218,1941,1950,869,349,1,735,1,440,2,3,6,3,1.5,6,2,0,0,131000
1391,1525,2000,2000,1525,0,1,1525,1,541,2,4,6,3,3.0,7,1,0,0,235000
1392,1584,1967,1967,1584,0,1,1584,1,792,3,3,8,4,2.0,5,1,0,0,124000
1393,900,1967,1967,900,0,1,864,1,288,1,3,6,3,2.0,5,1,0,0,123000
1394,1912,1905,2000,1221,691,1,482,1,672,2,3,7,3,2.0,6,2,0,0,163000
1395,1500,2006,2006,1500,0,1,1356,1,648,3,4,6,2,3.0,7,1,0,0,246578
1396,2482,2005,2006,1133,1349,1,1094,1,642,3,4,9,4,2.5,8,2,0,0,281213
1397,1687,1948,1950,1687,0,1,747,1,572,2,3,7,3,2.0,5,1,0,0,160000
1398,1513,1920,2004,939,574,1,939,1,180,1,3,8,4,1.5,5,2,0,0,137500
1399,1904,1950,1982,1136,768,1,1208,1,240,1,3,7,3,2.5,5,2,0,0,138000
1400,1608,1925,1990,1160,448,1,976,1,216,1,4,7,3,2.5,6,2,0,0,137450
1401,1158,1929,1950,950,208,1,862,1,208,1,3,5,3,1.0,6,2,0,0,120000
1402,1593,2004,2004,864,729,1,839,1,398,2,3,8,3,3.5,6,2,0,0,193000
1403,1294,2006,2006,1294,0,1,1286,1,662,2,4,6,2,2.0,7,1,0,0,193879
1404,1464,2007,2007,1464,0,1,1485,1,754,3,4,6,3,3.0,8,1,0,0,282922
1405,1214,1915,1950,694,520,1,672,1,936,3,3,6,3,1.0,3,2,0,0,105000
1406,1646,2004,2005,1646,0,1,1594,1,482,2,4,5,2,3.5,8,1,0,0,275000
1407,768,1972,2007,768,0,1,768,1,396,2,3,5,2,2.0,5,1,0,0,133000
1408,833,1985,1985,833,0,1,833,0,0,0,3,5,3,2.0,5,1,0,0,112000
1409,1363,1910,1950,741,622,1,622,1,528,2,3,6,3,1.0,4,2,0,0,125500
1410,2093,1986,1991,1236,857,1,791,1,542,2,3,7,3,2.5,7,2,0,0,215000
1411,1840,2001,2001,944,896,1,944,1,622,2,4,6,3,3.5,7,2,0,0,230000
1412,1668,1950,2005,1112,556,1,856,1,271,1,3,6,3,1.5,6,2,0,0,140000
1413,1040,1949,1950,1040,0,0,0,1,420,2,3,6,2,2.0,4,1,0,0,90000
1414,1844,2005,2006,1844,0,1,1844,1,620,2,4,7,2,3.0,8,1,0,0,257000
1415,1848,1923,2000,1053,795,1,833,1,370,2,4,8,4,1.5,6,2,0,0,207000
1416,1569,2007,2007,1569,0,1,1386,1,660,3,4,7,1,2.5,7,1,0,0,175900
1417,2290,1885,1950,1246,1044,1,777,1,560,2,3,11,4,2.0,4,2,0,0,122500
1418,2450,1998,1998,1310,1140,1,1284,1,1069,3,4,7,3,3.5,8,2,0,0,340000
1419,1144,1963,1963,1144,0,1,1144,1,336,1,3,6,3,2.5,5,1,0,0,124000
1420,1844,1969,1969,1844,0,1,1844,1,540,2,4,7,3,3.0,6,1,0,0,223000
1421,1416,1968,1968,708,708,1,708,1,776,2,3,7,3,2.5,6,2,0,0,179900
1422,1069,1977,1977,1069,0,1,1069,1,440,2,3,4,2,2.0,6,1,0,0,127500
1423,848,2003,2003,848,0,1,848,1,420,2,4,3,1,2.0,6,1,0,0,136500
1424,2201,1966,1966,1575,626,1,697,1,432,2,4,8,4,2.0,6,2,3,1,274970
1425,1344,1958,1983,1344,0,1,1024,1,484,1,3,6,2,2.0,5,1,0,0,144000
1426,1252,1959,1959,1252,0,1,1252,1,528,2,4,7,3,1.0,6,1,0,0,142000
1427,2127,1994,1994,1223,904,1,1223,1,525,2,4,5,3,3.5,7,2,0,0,271000
1428,1558,1945,1950,1048,510,1,913,1,288,1,3,6,3,2.5,5,2,0,0,140000
1429,804,1940,1992,804,0,1,788,1,240,1,4,4,2,2.0,5,1,0,0,119000
1430,1440,1981,1981,1440,0,1,1440,1,467,2,4,7,3,2.0,6,1,0,0,182900
1431,1838,2005,2005,734,1104,1,732,1,372,2,3,7,4,2.5,5,2,0,0,192140
1432,958,1976,1976,958,0,1,958,1,440,2,3,5,2,2.0,6,1,0,0,143750
1433,968,1927,2007,968,0,1,656,1,216,1,3,5,4,2.0,4,1,0,0,64500
1434,1792,2000,2000,962,830,1,936,1,451,2,3,8,3,3.5,6,2,0,0,186500
1435,1126,1977,1977,1126,0,1,1126,1,484,2,3,5,3,3.0,5,1,0,0,160000
1436,1537,1962,2005,1537,0,1,1319,1,462,2,4,7,3,2.5,6,1,0,0,174000
1437,864,1971,1971,864,0,1,864,1,528,2,3,5,3,1.0,4,1,0,0,120500
1438,1932,2008,2008,1932,0,1,1932,1,774,3,5,7,2,3.0,8,1,0,0,394617
1439,1236,1957,1996,1236,0,1,912,1,923,2,3,6,2,2.0,6,1,0,0,149700
1440,1725,1979,1979,1040,685,1,539,1,550,2,3,6,3,2.5,7,2,0,0,197000
1441,2555,1922,1994,1423,748,1,588,1,672,2,3,11,3,2.0,6,2,0,0,191000
1442,848,2004,2004,848,0,1,848,1,420,2,4,3,1,2.0,6,1,0,0,149300
1443,2007,2008,2008,1026,981,1,1017,1,812,3,5,10,3,3.5,10,2,0,0,310000
1444,952,1916,1950,952,0,1,952,1,192,1,2,4,2,1.0,6,1,0,0,121000
1445,1422,2004,2004,1422,0,1,1422,1,626,2,4,7,3,2.0,7,1,0,0,179600
1446,913,1966,1966,913,0,1,814,1,240,1,3,6,3,2.0,6,1,0,0,129000
1447,1188,1962,1962,1188,0,1,1188,1,312,1,3,6,3,1.0,5,1,0,0,157900
1448,2090,1995,1996,1220,870,1,1220,1,556,2,4,8,3,3.5,8,2,0,0,240000
1449,1346,1910,2000,796,550,1,560,1,384,1,3,6,2,1.5,4,2,0,0,112000
1450,630,1970,1970,630,0,1,630,0,0,0,5,3,1,2.0,5,1,0,0,92000
1451,1792,1974,1974,896,896,1,896,0,0,0,3,8,4,3.0,5,2,0,0,136000
1452,1578,2008,2009,1578,0,1,1573,1,840,3,5,7,3,2.0,8,1,0,0,287090
1453,1072,2005,2005,1072,0,1,547,1,525,2,3,5,2,2.0,5,1,0,0,145000
1454,1140,2006,2006,1140,0,1,1140,0,0,0,3,6,3,1.0,5,1,0,0,84500
1455,1221,2004,2005,1221,0,1,1221,1,400,2,4,6,2,3.0,7,1,0,0,185000
1456,1647,1999,2000,953,694,1,953,1,460,2,3,7,3,2.5,6,2,0,0,175000
1457,2073,1978,1988,2073,0,1,1542,1,500,2,3,7,3,3.0,6,1,0,0,210000
1458,2340,1941,2006,1188,1152,1,1152,1,252,1,4,9,4,2.0,7,2,0,0,266500
1459,1078,1950,1996,1078,0,1,1078,1,240,1,4,5,2,2.0,5,1,0,0,142125
1460,1256,1965,1965,1256,0,1,1256,1,276,1,3,6,3,2.5,5,1,0,0,147500
